<?xml version="1.0" encoding="utf-8" ?>
<Defs>
	<MemeDef>
		<defName>VVE_Skyseekers</defName>
		<label>skyseekers</label>
		<description>Elevation, both physical and spiritual, is achieved by soaring through the skies.</description>
		<iconPath>UI/Memes/VVE_Skyseekers</iconPath>
		<groupDef>Misc</groupDef>
		<exclusionTags>
			<li>VVE_VehicleMemes</li>
			
		</exclusionTags>
		<impact>2</impact>
		<generalRules>
			<rulesStrings>
				<li>memeAdjective->flying</li>
				<li>memeAdjective->soaring</li>
				<li>memeAdjective->free</li>
				<li>memeLeaderNoun->aviator</li>
				<li>memeMoralist->skyseer</li>
				<li>memeConcept->flying</li>
			</rulesStrings>
		</generalRules>
		<descriptionMaker>
			<rules>
				<rulesStrings>
					<!-- theist myth -->
					<li>creation(tag=meme_Skyseekers)        ->[deity0_name] made all of [deity0_possessive] followers look to the endless skies.</li>
					<li>episode(uses=1,tag=meme_Skyseekers)  ->Speaking to the believers, [deity0_name] said: "Only by conquering the skies will you reach true enlightening".</li>
					<!-- theist founder -->
					<li>intro(tag=meme_Skyseekers)           ->[place_summary] [place_name] was always fraught with conflict. The [memberNamePlural] were besieged constantly by their foes, and this deeply saddened [deity0_name].</li>
					<li>conflict(tag=meme_Skyseekers)        ->[deity0_name] witnessed the contant assaults of a terrible [foeLeader], a war leader, and [deity0_pronoun] decided to give winged vessels to [deity0_possessive] followers, so that they could soar the skies above their enemies.</li>
					<li>founderJoin(tag=meme_Skyseekers)     ->[founderName], the greatest among our aviators, was warned of the [foeLeader]'s plan by [deity0_name], and when [foeLeader_pronoun] assaulted them a huge squadron of fighters was ready and waiting for [foeLeader_objective].</li>
					<li>victory(tag=meme_Skyseekers)         ->The [foeLeader] was swiftly bombarded from the sky, all in [deity0_name]'s name.</li>
					<!-- ideological founder -->
					<li>setup(tag=meme_Skyseekers)           ->[founderName] was a pilot, the best of [founder_possessive] class. [founder_pronoun] spent decades of [founder_possessive] life flying all kinds of aircraft, both civilian and military.</li>
					<li>story(uses=1,tag=meme_Skyseekers)    ->[founderName] understood better than anyone else that true freedom lies in soaring the endless skies, far above any problems.</li>
					<!-- ideological lesson -->
					<li>lessonIntro(tag=meme_Skyseekers)         ->The ancient aviators of Earth were absolutely right. They taught us that</li>
					<li>lesson(tag=meme_Skyseekers)              ->the only true freedom lies in soaring the endless skies</li>
					<li>lessonReinforcement(tag=meme_Skyseekers) ->We will come upon our enemies from the unreachable skies, like swift and divine justice.</li>
					<!-- archist -->
					<li>archistBasis(tag=meme_Skyseekers)    ->Archotechs are pure minds, beings of the sky.</li>
					<li>archistFact(tag=meme_Skyseekers)     ->By soaring the skies we get closer to the Archotechs.</li>
					<li>archistProphecy(tag=meme_Skyseekers) ->[inTheEnd], only those who transcend the limits of the earth will also be able to transcend their physical bodies.</li>
					<!-- animist -->
					<li>animistBasis(tag=meme_Skyseekers)    ->The spirits teach us that the endless skies hold the secret to a pure existence.</li>
					<li>animistFact(tag=meme_Skyseekers)     ->Only by soaring the skies can we get closer to the spirits.</li>
					<li>animistProphecy(tag=meme_Skyseekers) ->[itIsSaid] only those who transcend the limits of the earth will also be able to commune with the spiritual world.</li>
				

				</rulesStrings>
			</rules>
		</descriptionMaker>
		<requireOne>
			<li>
				<li>VVE_Flying_Required</li>
			</li>
			<li>
				<li>Research_Fast</li>
			</li>
			<li>
				<li>VVE_SmallSpaces_Horrible</li>
			</li>
			<li>
				<li>VVE_FuelEfficiency_Efficient</li>
			</li>
			
			
		</requireOne>
		<symbolPacks>
			<li>
				<ideoName>Skyseekers</ideoName>
				<theme>skyseekers</theme>
				<adjective>skyseeker</adjective>
				<member>pilot</member>
			</li>
		</symbolPacks>
	
		
	</MemeDef>
		<MemeDef>
		<defName>VVE_Nauticals</defName>
		<label>nauticals</label>
		<description>Embracing the vastness of the waters offers a deep connection to life's mysteries.</description>
		<iconPath>UI/Memes/VVE_Nauticals</iconPath>
		<groupDef>Misc</groupDef>
		<exclusionTags>
			<li>VVE_VehicleMemes</li>
			
		</exclusionTags>
		<impact>2</impact>
		<generalRules>
			<rulesStrings>
				<li>memeAdjective->sailing</li>
				<li>memeAdjective->navigating</li>
				<li>memeAdjective->seaworthy</li>
				<li>memeLeaderNoun->navigator</li>
				<li>memeMoralist->water seer</li>
				<li>memeConcept->sailing</li>
			</rulesStrings>
		</generalRules>
		<descriptionMaker>
			<rules>
				<rulesStrings>
					<!-- theist myth -->
					<li>creation(tag=meme_Nauticals)        ->[deity0_name] made all of [deity0_possessive] followers look to the endless seas.</li>
					<li>episode(uses=1,tag=meme_Nauticals)  ->Speaking to the believers, [deity0_name] said: "Only by conquering the seas will you reach true enlightening".</li>
					<!-- theist founder -->
					<li>intro(tag=meme_Nauticals)           ->[place_summary] [place_name] was always fraught with conflict. The [memberNamePlural] were besieged constantly by their foes, and this deeply saddened [deity0_name].</li>
					<li>conflict(tag=meme_Nauticals)        ->[deity0_name] witnessed the contant assaults of a terrible [foeLeader], a war leader, and [deity0_pronoun] decided to give sails to [deity0_possessive] followers, so that they could sail the seas to avoid and ambush their enemies.</li>
					<li>founderJoin(tag=meme_Nauticals)     ->[founderName], the greatest among our navigators, was warned of the [foeLeader]'s plan by [deity0_name], and when [foeLeader_pronoun] assaulted them a huge navy of enormous vessels was ready and waiting for [foeLeader_objective].</li>
					<li>victory(tag=meme_Nauticals)         ->The [foeLeader] was swiftly attacked from the seas, all in [deity0_name]'s name.</li>
					<!-- ideological founder -->
					<li>setup(tag=meme_Nauticals)           ->[founderName] was a navigators, the best of [founder_possessive] class. [founder_pronoun] spent decades of [founder_possessive] life sailing in all kinds of vessels, both civilian and military.</li>
					<li>story(uses=1,tag=meme_Nauticals)    ->[founderName] understood better than anyone else that true freedom lies in sailing the seas, for the waters may be capricious, but they are also fair.</li>
					<!-- ideological lesson -->
					<li>lessonIntro(tag=meme_Nauticals)         ->The ancient navigators of Earth were absolutely right. They taught us that</li>
					<li>lesson(tag=meme_Nauticals)              ->the only true freedom lies in sailing the endless seas</li>
					<li>lessonReinforcement(tag=meme_Nauticals) ->We will come upon our enemies from the untamed waters, like swift and divine justice.</li>
					<!-- archist -->
					<li>archistBasis(tag=meme_Nauticals)    ->The Archotechs' pure minds are fluid like water, beings of fickleness and changeability.</li>
					<li>archistFact(tag=meme_Nauticals)     ->By sailing the seas we pay hommage to their unpredictable and capricious nature.</li>
					<li>archistProphecy(tag=meme_Nauticals) ->[inTheEnd], only those who transcend the limits of the earth will also be able to transcend their physical bodies.</li>
					<!-- animist -->
					<li>animistBasis(tag=meme_Nauticals)    ->The spirits teach us that the unpredictability of the seas holds the secret to a pure existence.</li>
					<li>animistFact(tag=meme_Nauticals)     ->Only by sailing the seas can we get closer to the spirits.</li>
					<li>animistProphecy(tag=meme_Nauticals) ->[itIsSaid] only those who transcend the limits of the earth will also be able to commune with the spiritual world.</li>
				

				</rulesStrings>
			</rules>
		</descriptionMaker>
		<requireOne>
			<li>
				<li>VVE_Driving_Horrible</li>
			</li>
			<li>
				<li>VVE_Flying_Horrible</li>
			</li>
			<li>
				<li>VVE_Sailing_Required</li>
			</li>
			<li>
				<li>Temperature_Tough</li>
			</li>
			
			
		</requireOne>
		<symbolPacks>
			<li>
				<ideoName>Nauticals</ideoName>
				<theme>nauticals</theme>
				<adjective>nautical</adjective>
				<member>seaman</member>
			</li>
		</symbolPacks>
	
		
	</MemeDef>
	<MemeDef>
		<defName>VVE_Travelers</defName>
		<label>travelers</label>
		<description>The world is vast and meant to be explored in all its facets.</description>
		<iconPath>UI/Memes/VVE_Travelers</iconPath>
		<groupDef>Misc</groupDef>
		<exclusionTags>
			<li>VVE_VehicleMemes</li>
			<li>VME_CityBuildersVsTravelers</li>
		</exclusionTags>
		<impact>1</impact>
		<generalRules>
			<rulesStrings>
				
				<li>memeAdjective->explorer</li>
				<li>memeAdjective->travelling</li>
				<li>memeAdjective->transient</li>
				<li>memeConcept->travelling</li>
				<li>memeLeaderNoun->explorer</li>
				<li>memeLeaderNoun->traveler</li>
			</rulesStrings>
		</generalRules>
		<descriptionMaker>
			<rules>
				<rulesStrings>
					<!-- theist myth -->
					<li>creation(tag=meme_Traveler)        ->[deity0_name] wrote [deity0_possessive] commandments in eleven plasteel tablets. The fifth commandment read: "I shall not refrain from exploring the world."</li>
					<li>episode(uses=1,tag=meme_Traveler)  ->In accordance with [deity0_name]'s precepts, we happily traveled abroad, away from our settlements, to see all our world has to offer.</li>
					<!-- theist founder -->
					<li>intro(tag=meme_Traveler)           ->The [memberNamePlural] were restless, for [deity0_name] had commanded them to explore the surrounding lands, and they were tired of roaming around living off the land.</li>
					<li>conflict(tag=meme_Traveler)        ->One of the elders wanted to defy [deity0_name]'s commandments, and close the settlements for further exploration.</li>
					<li>founderJoin(tag=meme_Traveler)     ->[founderName], the Great Explorer, grew tired of the insolence of the elder, and usurped his power. From that point on, the [memberNamePlural] would be the most skilled explorers in the land, venturing far away.</li>
					<li>victory(tag=meme_Traveler)         ->It was thus that we became enamoured with wanderlust, and traveled the whole world exploring even its farther confines.</li>
					<!-- ideological founder -->
					<li>setup(tag=meme_Traveler)           ->[founderName] was a skilled explorer. [founder_pronoun] longed for discovery, travelling to the farther confiens of the world.</li>
					<li>story(uses=1,tag=meme_Traveler)    ->Seeking the thrill of adventure, [founderName] assembled a small group of [founder_possessive] followers and chartered a ship to travel to the Rim. [founder_possessive] discoveries were the stuff of legend, mapping a plethora of strange new worlds and new civilizations, boldly going where... errr, sorry, got carried away a bit there.</li>
					<!-- ideological lesson -->
					<li>lessonIntro(tag=meme_Traveler)         ->Humans fear the unknown, it's a fact. It is abundantly clear that</li>
					<li>lesson(tag=meme_Traveler)              ->we need to explore our surroundings. Being unaware of what is around us is a recipe for disaster </li>
					<li>lessonReinforcement(tag=meme_Traveler) ->Only true explorers can never be caught unawares.</li>
					<!-- archist -->
					<li>archistBasis(tag=meme_Traveler)    ->Archotechs are always aware of everything. Being unaware of your surroundings is almost obscene to them.</li>
					<li>archistFact(tag=meme_Traveler)     ->The archotechs teach us that exploring and travelling are a path to transcendence.</li>
					<li>archistProphecy(tag=meme_Traveler) ->[inTheEnd], those who spend their whole lives hiding won't transcend, while those who are infused by wanderlust will join the archotechs.</li>
					<!-- animist -->
					<li>animistBasis(tag=meme_Traveler)    ->Spirits govern everything, from the most abstract concepts to concrete ones. Specifically, each place has its own spirit, and that's why discovering and traveling to all these places brings us closer to the spirits.</li>
					<li>animistFact(tag=meme_Traveler)     ->The spirit of wanderlust is a powerful one, and instills one with a passion for freedom, for exploration: you never know what the road ahead may bring.</li>
					<li>animistProphecy(tag=meme_Traveler) ->[itIsSaid] only those who are able to live without roots and roam free can truly appease the spirits.</li>
					

				</rulesStrings>
			</rules>
		</descriptionMaker>
		<requireOne>
			<li>
				<li>VVE_Driving_Approved</li>
			</li>
			<li>
				<li>VVE_Flying_Approved</li>
			</li>
			<li>
				<li>VVE_Sailing_Approved</li>
			</li>
			<li>
				<li>RoughLiving_Welcomed</li>
			</li>
		</requireOne>
		<symbolPacks>
			<li>
				<ideoName>Travelers</ideoName>
				<theme>travelling</theme>
				<adjective>traveler</adjective>
				<member>traveler</member>
			</li>
		</symbolPacks>
	</MemeDef>
	
	<MemeDef>
		<defName>VVE_Roadragers</defName>
		<label>roadragers</label>
		<description>For us, the road is sacred, and vehicular dominance is both a belief and a testament to our power. We view the roar of our engines and the rush of asphalt beneath our tires as sacred.</description>
		<iconPath>UI/Memes/VVE_Roadragers</iconPath>
		<groupDef>Misc</groupDef>
		
		<impact>3</impact>
		<generalRules>
			<rulesStrings>
				<li>memeAdjective->roadraging</li>
				<li>memeAdjective->marauding</li>
				<li>memeAdjective->mad maxing</li>				
				<li>memeLeaderNoun->warlord</li>
				<li>memeMoralist->octane priest</li>
				<li>memeConcept->cars</li>
			</rulesStrings>
		</generalRules>
		<descriptionMaker>
			<rules>
				<rulesStrings>
					<!-- theist myth -->
					<li>creation(tag=meme_Roadragers)        ->[deity0_name] cared only for the roar of the engines. [deity0_pronoun] ordered all the faithful to hit the road.</li>
					<li>episode(uses=1,tag=meme_Roadragers)  ->Speaking to [deity0_possessive] believers, [deity0_name] said: "I myself will carry you through the gates of Valhalla. You shall ride eternal, shiny and chrome!".</li>
					<!-- theist founder -->
					<li>intro(tag=meme_Roadragers)           ->[place_summary] [place_name] glistened with the fresh engine oil that had dripped from our sacred vehicles, a testament of [deity0_name]'s glory.</li>
					<li>conflict(tag=meme_Roadragers)        ->A rabid [foeLeader], wanting to get [foeLeader_possessive] hands on our cars, tried to attack with the help of [foeLeader_possessive] many [foeSoldiers].</li>
					<li>founderJoin(tag=meme_Roadragers)     ->[deity0_name] bestowed our founder, [founderName], with the [relic0_name], and [founder_pronoun] used it to annoint and augment the V8 engine of his custom-made Road Raging car, resisting the onslaught.</li>
					<li>victory(tag=meme_Roadragers)         ->The massacre was sublime. [founderName] slaughtered countless enemies, and we celebrated by hitting the road mounted on all our vehicles.</li>
					<!-- ideological founder -->
					<li>setup(tag=meme_Roadragers)           ->[founderName] understood that the roar of an engine is the only true measure of power.</li>
					<li>story(uses=1,tag=meme_Roadragers)    ->[founderName] always repeated the same lesson over and over again: "I myself will carry you through the gates of Valhalla. You shall ride eternal, shiny and chrome!".</li>
					<!-- ideological lesson -->
					<li>lessonIntro(tag=meme_Roadragers)         ->It is only by the roar of our engines that one arrives at pleasure. You need to understand that</li>
					<li>lesson(tag=meme_Roadragers)              ->I am your redeemer. It is by my hand you will rise from the ashes of this world</li>
					<li>lessonReinforcement(tag=meme_Roadragers) ->I myself will carry you through the gates of Valhalla. You shall ride eternal, shiny and chrome!</li>
					<!-- archist -->
					<li>archistBasis(tag=meme_Roadragers)    ->The Archotechs understand that power is not just a means to an end. Power is an end on itself.</li>
					<li>archistFact(tag=meme_Roadragers)     ->The Archotechs will stand in awe of the powerful roar of our engines. It is by their hand we will rise from the ashes of this world.</li>
					<li>archistProphecy(tag=meme_Roadragers) ->[inTheEnd], they will carry us through the gates of Valhalla. We shall ride eternal, shiny and chrome!</li>
					<!-- animist -->
					<li>animistBasis(tag=meme_Roadragers)    ->The spirits understand that power is not just a means to an end. Power is an end on itself.</li>
					<li>animistFact(tag=meme_Roadragers)     ->It is by their hand we will rise from the ashes of this world.</li>
					<li>animistProphecy(tag=meme_Roadragers) ->[itIsSaid] only those who let the roar of their engines be heard above all else will be carried by the spirits through the gates of Valhalla. They shall ride eternal, shiny and chrome!</li>
				
				</rulesStrings>
			</rules>
		</descriptionMaker>
		<requireOne>
			<li>
				<li>VVE_Driving_Required</li>
			</li>
			<li>
				<li>VVE_Flying_Forbidden</li>
			</li>
			<li>
				<li>VVE_Sailing_Forbidden</li>
			</li>
			<li>
				<li>VVE_MaxSpeed_Increased</li>
			</li>
			<li>
				<li>VVE_ImpactDamage_High</li>
			</li>
			<li>
				<li>VVE_FuelEfficiency_Inefficient</li>
			</li>
			<li>
				<li>VVE_Acceleration_High</li>
			</li>
			<li>
				<li>VVE_VehicleRepairs_Fast</li>
			</li>
		</requireOne>
		<symbolPacks>
			<li>
				<ideoName>Roadragers</ideoName>
				<theme>roadraging</theme>
				<adjective>roadraging</adjective>
				<member>roadrager</member>
			</li>
			
		</symbolPacks>
		
	</MemeDef>
</Defs>