<?xml version="1.0" encoding="utf-8" ?>

<Defs>
	<Vehicles.VehicleBuildDef ParentName="VehicleBaseBuildable">
		<defName>VVE_Wisent_Blueprint</defName>
		<label>Wisent</label>
		<description>A military-grade all-purpose transporter, the Wisent is a powerful truck capable of transporting both plentiful cargo and soldiers into hostile territory. Terrible fuel economy, however it can quickly navigate through rough terrain.\n\nCounter to other tier 2 vehicles, this is less efficient but more effective when travelling away from roads. Passengers sitting in the back will be exposed to enemy fire and the armour plating is only suited for minimal small arms fire.\n\n&lt;color=#bb8f04&gt;Crew:&lt;/color&gt; Driver x1, Passenger x7\n&lt;color=#bb8f04&gt;Fuel type:&lt;/color&gt; Chemfuel</description>
		<designationCategory>VF_Vehicles</designationCategory>
		
		<graphicData>
			<texPath>Things/Vehicles/Tier2/Tier2_MilitaryTruck/Tier2_MilitaryTruck</texPath>
			<graphicClass>Graphic_Multi</graphicClass>
			<drawSize>(4,7)</drawSize>
		</graphicData>
		
		<statBases>
			<MaxHitPoints>500</MaxHitPoints>
			<WorkToBuild>14000</WorkToBuild>
			<Flammability>0.5</Flammability>
		</statBases>
		
		<size>(3,6)</size>
		
		<researchPrerequisites>
			<li>VVE_CombatVehicles</li>
		</researchPrerequisites>
		
		<costList>
			<VVE_EngineBlock>3</VVE_EngineBlock>
			<VVE_CarAlternator>2</VVE_CarAlternator>
			<VVE_CarExhaust>6</VVE_CarExhaust>
			<VVE_CarSuspension>6</VVE_CarSuspension>
			<VVE_CarWheel>6</VVE_CarWheel>
			<Plasteel>360</Plasteel>
			<ComponentIndustrial>40</ComponentIndustrial>
			<ElectronicComponents>10</ElectronicComponents>
			<VVE_CarFuelTank>2</VVE_CarFuelTank>
			<VVE_CarTransmission>1</VVE_CarTransmission>
			<VVE_CarRadiator>2</VVE_CarRadiator>
		</costList>
		
		<soundImpactDefault>BulletImpact_Metal</soundImpactDefault>
		
		<thingToSpawn>VVE_Wisent</thingToSpawn>
		
		<constructionSkillPrerequisite>6</constructionSkillPrerequisite>
	</Vehicles.VehicleBuildDef>
</Defs>
