<?xml version="1.0" encoding="utf-8" ?>

<Defs>	
	<Vehicles.VehicleDef ParentName="VehiclePawn_Armored">
		<defName>VVE_Scytheman</defName>
		<label>Scytheman</label>
		<description>A juryrigged multiple rocket launcher system, the Scytheman is a repurposed farming vehicle intended to saturate a location with inaccurate volleys of explosives. Due to the design, it is not intended to fire successive volleys or be exposed to enemy fire.\n\nSimilar to other tier 1 vehicles, this is a gas guzzler and best used for medium distances. Performs worse in the winter but slightly better on the flat, open road.\n\n&lt;color=#bb8f04&gt;Crew:&lt;/color&gt; Driver x1\n&lt;color=#bb8f04&gt;Fuel type:&lt;/color&gt; Chemfuel</description>
		
		<graphicData>
			<texPath>Things/Vehicles/Tier1/Tier1_RocketTruck/Tier1_RocketTruck</texPath>
			<graphicClass>Vehicles.Graphic_Vehicle</graphicClass>
			<shaderType>CutoutComplexPattern</shaderType>
			<drawSize>(3, 5)</drawSize>
			<color>(72, 77, 72)</color>
			<colorTwo>(56, 55, 50)</colorTwo>
			<colorThree>(100, 69, 59)</colorThree>
		</graphicData>
		
		<fillPercent>0.85</fillPercent>
		
		<buildDef>VVE_Scytheman_Blueprint</buildDef>
		
		<size>(2, 4)</size>
		
		<vehicleMovementPermissions>DriverNeeded</vehicleMovementPermissions>
		<vehicleCategory>Combat</vehicleCategory>
		<techLevel>Industrial</techLevel>
		<vehicleType>Land</vehicleType>
		
		<statBases>
			<ArmorRating_Blunt>0.22</ArmorRating_Blunt>
			<ArmorRating_Sharp>0.44</ArmorRating_Sharp>
			<ArmorRating_Heat>1.0</ArmorRating_Heat>
			<Flammability>0.5</Flammability>
			<MarketValue>2025</MarketValue>
			<PackRadius>6.9</PackRadius>
		</statBases>
		
		<vehicleStats>
			<Mass>135</Mass>
			<MoveSpeed>8.6</MoveSpeed>
			<CargoCapacity>120</CargoCapacity>
			<RepairRate>1.0</RepairRate>
			<AccelerationRate>0.05</AccelerationRate>
		</vehicleStats>
		
		<soundSustainersOnEvent>
			<li>
				<start>IgnitionOn</start>
				<stop>IgnitionOff</stop>
				<value>VVE_VehicleEngineHeavyCombat</value>
			</li>
		</soundSustainersOnEvent>
		
		<properties>
			<customRoadCosts AssignDefaults = "0.85"/>
			<worldSpeedMultiplier>1.05</worldSpeedMultiplier>
			<winterCostMultiplier>0.7</winterCostMultiplier>
			
			<roles>
				<li>
					<key>driver</key>
					<label>Driver</label>
					<slots>1</slots>
					<slotsToOperate>1</slotsToOperate>
					
					<handlingTypes>
						<li>Movement</li>
						<li>Turret</li>
					</handlingTypes>
					
					<turretIds>
						<li>mainTurret</li>
					</turretIds>
					
					<hitbox>
						<cells>
							<li>(0, 1)</li>
							<li>(1, 1)</li>
						</cells>
					</hitbox>
				</li>
			</roles>
		</properties>
		
		<components>
			<li>
				<key>Engine</key>
				<label>Engine</label>
				<health>50</health>
				<priorityStatEfficiency>true</priorityStatEfficiency>
				<depth>External</depth>
				
				<reactors>
					<li Class = "Vehicles.Reactor_Explosive">
						<indicator>VF_Explosive</indicator>
						<chance>0.25</chance>
						<maxHealth>0.2</maxHealth>
						<radius>3</radius>
						<damageDef>Flame</damageDef>
					</li>
				</reactors>
				
				<hitbox>
					<cells>
						<li>(0, 2)</li>
						<li>(1, 2)</li>
						<li>(0, 1)</li>
						<li>(1, 1)</li>
					</cells>
				</hitbox>
				
				<categories>
					<li>MoveSpeed</li>
				</categories>
			</li>
			<li>
				<key>FrontLeftWheel</key>
				<label>Front Left Wheel</label>
				<health>30</health>
				<depth>External</depth>
				
				<tags>
					<li>Wheel</li>
				</tags>
				
				<hitbox>
					<fallthrough>false</fallthrough>
					<cells>
						<li>(0, 2)</li>
					</cells>
				</hitbox>
				
				<categories>
					<li>MoveSpeed</li>
				</categories>
			</li>
			<li>
				<key>FrontRightWheel</key>
				<label>Front Right Wheel</label>
				<health>30</health>
				<depth>External</depth>
				
				<tags>
					<li>Wheel</li>
				</tags>
				
				<hitbox>
					<fallthrough>false</fallthrough>
					<cells>
						<li>(1, 2)</li>
					</cells>
				</hitbox>
				
				<categories>
					<li>MoveSpeed</li>
				</categories>
			</li>
			<li>
				<key>MiddleLeftWheel</key>
				<label>Middle Left Wheel</label>
				<health>30</health>
				<depth>External</depth>
				
				<tags>
					<li>Wheel</li>
				</tags>
				
				<hitbox>
					<fallthrough>false</fallthrough>
					<cells>
						<li>(0, 0)</li>
					</cells>
				</hitbox>
				
				<categories>
					<li>MoveSpeed</li>
				</categories>
			</li>
			<li>
				<key>MiddleRightWheel</key>
				<label>Middle Right Wheel</label>
				<health>30</health>
				<depth>External</depth>
				
				<tags>
					<li>Wheel</li>
				</tags>
				
				<hitbox>
					<fallthrough>false</fallthrough>
					<cells>
						<li>(1, 0)</li>
					</cells>
				</hitbox>
				
				<categories>
					<li>MoveSpeed</li>
				</categories>
			</li>
			<li>
				<key>BackLeftWheel</key>
				<label>Back Left Wheel</label>
				<health>30</health>
				<depth>External</depth>
				
				<tags>
					<li>Wheel</li>
				</tags>
				
				<hitbox>
					<fallthrough>false</fallthrough>
					<cells>
						<li>(0, -1)</li>
					</cells>
				</hitbox>
				
				<categories>
					<li>MoveSpeed</li>
				</categories>
			</li>
			<li>
				<key>BackRightWheel</key>
				<label>Back Right Wheel</label>
				<health>30</health>
				<depth>External</depth>
				
				<tags>
					<li>Wheel</li>
				</tags>
				
				<hitbox>
					<fallthrough>false</fallthrough>
					<cells>
						<li>(1, -1)</li>
					</cells>
				</hitbox>
				
				<categories>
					<li>MoveSpeed</li>
				</categories>
			</li>
			<li>
				<key>FrontLeftSuspension</key>
				<label>Front Left Suspension</label>
				<health>10</health>
				<depth>External</depth>
				
				<tags>
					<li>Wheel</li>
				</tags>
				
				<hitbox>
					<fallthrough>false</fallthrough>
					<cells>
						<li>(0, 2)</li>
					</cells>
				</hitbox>
				
				<categories>
					<li>MoveSpeed</li>
				</categories>
			</li>
			<li>
				<key>FrontRightSuspension</key>
				<label>Front Right Suspension</label>
				<health>10</health>
				<depth>External</depth>
				
				<tags>
					<li>Wheel</li>
				</tags>
				
				<hitbox>
					<fallthrough>false</fallthrough>
					<cells>
						<li>(1, 2)</li>
					</cells>
				</hitbox>
				
				<categories>
					<li>MoveSpeed</li>
				</categories>
			</li>
			<li>
				<key>MiddleLeftSuspension</key>
				<label>Middle Left Suspension</label>
				<health>20</health>
				<depth>External</depth>
				
				<tags>
					<li>Wheel</li>
				</tags>
				
				<hitbox>
					<fallthrough>false</fallthrough>
					<cells>
						<li>(0, 0)</li>
					</cells>
				</hitbox>
				
				<categories>
					<li>MoveSpeed</li>
				</categories>
			</li>
			<li>
				<key>MiddleRightSuspension</key>
				<label>Middle Right Suspension</label>
				<health>20</health>
				<depth>External</depth>
				
				<tags>
					<li>Wheel</li>
				</tags>
				
				<hitbox>
					<fallthrough>false</fallthrough>
					<cells>
						<li>(1, 0)</li>
					</cells>
				</hitbox>
				
				<categories>
					<li>MoveSpeed</li>
				</categories>
			</li>
			<li>
				<key>BackLeftSuspension</key>
				<label>Back Left Suspension</label>
				<health>20</health>
				<depth>External</depth>
				
				<tags>
					<li>Wheel</li>
				</tags>
				
				<hitbox>
					<fallthrough>false</fallthrough>
					<cells>
						<li>(0, -1)</li>
					</cells>
				</hitbox>
				
				<categories>
					<li>MoveSpeed</li>
				</categories>
			</li>
			<li>
				<key>BackRightSuspension</key>
				<label>Back Right Suspension</label>
				<health>20</health>
				<depth>External</depth>
				
				<tags>
					<li>Wheel</li>
				</tags>
				
				<hitbox>
					<fallthrough>false</fallthrough>
					<cells>
						<li>(1, -1)</li>
					</cells>
				</hitbox>
				
				<categories>
					<li>MoveSpeed</li>
				</categories>
			</li>
			<li>
				<key>Gearbox</key>
				<label>Gearbox</label>
				<health>30</health>
				<depth>Internal</depth>
				
				<hitbox>
					<cells>
						<li>(0, 0)</li>
						<li>(1, 0)</li>
					</cells>
				</hitbox>
				
				<categories>
					<li>MoveSpeed</li>
				</categories>
			</li>
			<li>
				<key>LeftSidePanel</key>
				<label>Left Side Panel</label>
				<health>30</health>
				<depth>External</depth>
				
				<hitbox>
					<side>Left</side>
				</hitbox>
			</li>
			<li>
				<key>RightSidePanel</key>
				<label>Right Side Panel</label>
				<health>30</health>
				<depth>External</depth>
				
				<hitbox>
					<side>Right</side>
				</hitbox>
			</li>
			<li>
				<key>Chemtank</key>
				<label>Chemtank</label>
				<health>30</health>
				<depth>Internal</depth>
				
				<reactors>
					<li Class = "Vehicles.Reactor_FuelLeak"/>
					<li Class = "Vehicles.Reactor_Explosive">
						<indicator>VF_Explosive</indicator>
						<chance>0.25</chance>
						<maxHealth>0.2</maxHealth>
						<radius>3</radius>
						<damageDef>Flame</damageDef>
					</li>
				</reactors>
				
				<hitbox>
					<cells>
						<li>(0, 1)</li>
						<li>(1, 1)</li>
					</cells>
				</hitbox>
			</li>
			<li>
				<key>Dashboard</key>
				<label>Dashboard</label>
				<health>30</health>
				<depth>Internal</depth>
			</li>
			<li>
				<key>SteeringWheel</key>
				<label>Steering Wheel</label>
				<health>20</health>
				<depth>Internal</depth>
			</li>
			<li>
				<key>Alternator</key>
				<label>Alternator</label>
				<health>20</health>
				<depth>Internal</depth>
			</li>
			<li>
				<key>Roof</key>
				<label>Roof</label>
				<health>40</health>
				<depth>External</depth>
				<hitWeight>10</hitWeight>
			</li>
			<li>
				<key>Hood</key>
				<label>Hood</label>
				<health>50</health>
				<depth>External</depth>
				
				<hitbox>
					<side>Front</side>
				</hitbox>
			</li>
		</components>

		<comps>
			<li Class="Vehicles.CompProperties_FueledTravel">
				<fuelType>Chemfuel</fuelType>
				<leakDef>Filth_Fuel</leakDef>
				<fuelConsumptionRate>21</fuelConsumptionRate>
				<fuelCapacity>60</fuelCapacity>
			</li>
			<li Class="Vehicles.CompProperties_VehicleTurrets">
				<turrets>
					<li>
						<turretDef>Scytheman_MainTurret</turretDef>
						
						<renderProperties>
							<north>(0, -1)</north>
							<south>(0, 1.9)</south>
							<east>(-1.55, 0.53)</east>
						</renderProperties>
						
						<gizmoLabel>Rocket salvo</gizmoLabel>
						
						<defaultAngleRotated>180</defaultAngleRotated>
						<angleRestricted>(90,270)</angleRestricted>
						<aimPieOffset>(0, 0.1)</aimPieOffset>
						
						<autoTargeting>false</autoTargeting>
						
						<key>mainTurret</key>
					</li>
				</turrets>
			</li>
		</comps>
	</Vehicles.VehicleDef>
</Defs>