<Defs>

	<Vehicles.VehicleStatDef>
		<defName>AccelerationRate</defName>
		<label>Acceleration rate</label>
		<description>The rate at which the car accelerate, in cells per second. Higher rate means the vehicle will accelerate to its maximum speed faster. This also affects deceleration rate, which is double the acceleration rate.</description>
		<category>VehicleBasics</category>
		<defaultBaseValue>0</defaultBaseValue>
		<minValue>0</minValue>
		<hideAtValue>0</hideAtValue>
		<toStringStyle>FloatTwo</toStringStyle>
		<formatString>{0}</formatString>
		<operationType>Average</operationType>
		<displayPriorityInCategory>80</displayPriorityInCategory>
		
		<modSettingsInfo>
			<settingsType>SliderFloat</settingsType>
			<roundDecimalPlaces>1</roundDecimalPlaces>
			<increment>0.1</increment>
		</modSettingsInfo>
		<parts>
			<li Class="VanillaVehiclesExpanded.StatPart_AccelerationPrecept_SundayDriver" />
			<li Class="VanillaVehiclesExpanded.StatPart_AccelerationPrecept_High" />
		</parts>
	</Vehicles.VehicleStatDef>
	
</Defs>