<?xml version="1.0" encoding="utf-8" ?>

<Defs>
	<Vehicles.VehicleBuildDef ParentName="VehicleBaseBuildable">
		<defName>VVE_Mule_Blueprint</defName>
		<label>Mule</label>
		<description>A basic cargo transport, the Mule is a relatively cheap vehicle that can carry a large amount of cargo across smooth roads of flat terrain. Not recommended to use in the winter season or in snowy terrain, or both, and it is very lightly armoured to save weight.\n\nSimilar to other tier 1 vehicles, this is a gas guzzler and best used for medium distances. Unlike other tier 1 vehicles, this one performs better on the world map by being slightly faster and more fuel efficient.\n\n&lt;color=#bb8f04&gt;Crew:&lt;/color&gt; Driver x1, Passenger x1\n&lt;color=#bb8f04&gt;Fuel type:&lt;/color&gt; Chemfuel</description>
		<designationCategory>VF_Vehicles</designationCategory>
		<graphicData>
			<texPath>Things/Vehicles/Tier1/Tier1_Hauler/Tier1_Hauler</texPath>
			<graphicClass>Graphic_Multi</graphicClass>
			<drawSize>(3,5)</drawSize>
		</graphicData>
		
		<statBases>
			<MaxHitPoints>500</MaxHitPoints>
			<WorkToBuild>7500</WorkToBuild>
			<Flammability>0.05</Flammability>
		</statBases>
		
		<size>(2,4)</size>
		
		<researchPrerequisites>
			<li>VVE_BasicVehicles</li>
		</researchPrerequisites>

		<costList>
			<VVE_EngineBlock>1</VVE_EngineBlock>
			<VVE_CarAlternator>1</VVE_CarAlternator>
			<VVE_CarExhaust>2</VVE_CarExhaust>
			<VVE_CarSuspension>8</VVE_CarSuspension>
			<VVE_CarWheel>4</VVE_CarWheel>
			<Plasteel>200</Plasteel>
			<WoodPlank>100</WoodPlank>
			<ComponentIndustrial>15</ComponentIndustrial>
			<ElectronicComponents>5</ElectronicComponents>
		</costList>
		
		<soundImpactDefault>BulletImpact_Metal</soundImpactDefault>
		
		<thingToSpawn>VVE_Mule</thingToSpawn>
		
		<constructionSkillPrerequisite>6</constructionSkillPrerequisite>
	</Vehicles.VehicleBuildDef>
</Defs>
