<?xml version="1.0" encoding="utf-8" ?>

<Defs>	
	<Vehicles.VehicleDef ParentName="VehiclePawn_Armored">
		<defName>VVE_Highwayman</defName>
		<label>Highwayman</label>
		<description>A basic infantry fighting vehicle, the Highwayman is the cheapest weaponized option for transporting three people. Hardened against small-arms fire but very vulnerable at the rear, intended to provide mobile fire support for infantry and travel quickly along paved roads.\n\nSimilar to other tier 1 vehicles, this is a gas guzzler and best used for medium distances, however it’s also less fuel efficient on the world map.\n\n&lt;color=#bb8f04&gt;Crew:&lt;/color&gt; Driver x1, Gunner x1, Passenger x1\n&lt;color=#bb8f04&gt;Fuel type:&lt;/color&gt; Chemfuel</description>
		
		<graphicData>
			<texPath>Things/Vehicles/Tier1/Tier1_APC/Tier1_APC</texPath>
			<graphicClass>Vehicles.Graphic_Vehicle</graphicClass>
			<shaderType>CutoutComplexPattern</shaderType>
			<drawSize>(3,5)</drawSize>
			<color>(72, 77, 72)</color>
			<colorTwo>(56, 55, 50)</colorTwo>
			<colorThree>(100, 69, 59)</colorThree>
		</graphicData>
		
		<fillPercent>1</fillPercent>
		
		<buildDef>VVE_Highwayman_Blueprint</buildDef>
		
		<size>(2,4)</size>
		
		<vehicleMovementPermissions>DriverNeeded</vehicleMovementPermissions>
		<vehicleCategory>Combat</vehicleCategory>
		<techLevel>Industrial</techLevel>
		<vehicleType>Land</vehicleType>
		
		<statBases>
			<ArmorRating_Blunt>0.32</ArmorRating_Blunt>
			<ArmorRating_Sharp>0.58</ArmorRating_Sharp>
			<ArmorRating_Heat>1.0</ArmorRating_Heat>
			<Flammability>0.5</Flammability>
			<MarketValue>2240</MarketValue>
			<PackRadius>6.9</PackRadius>
		</statBases>
		
		<vehicleStats>
			<Mass>220</Mass>
			<MoveSpeed>9.2</MoveSpeed>
			<CargoCapacity>180</CargoCapacity>
			<RepairRate>0.5</RepairRate>
			<AccelerationRate>0.06</AccelerationRate>
		</vehicleStats>
		
		<soundSustainersOnEvent>
			<li>
				<start>IgnitionOn</start>
				<stop>IgnitionOff</stop>
				<value>VVE_VehicleEngineMuscleCar</value>
			</li>
		</soundSustainersOnEvent>
		
		<race>
			<baseBodySize>2.75</baseBodySize>
		</race>
		
		<properties>
			<worldSpeedMultiplier>1</worldSpeedMultiplier>
			<winterSpeedMultiplier>1.5</winterSpeedMultiplier>
			
			<customRoadCosts AssignDefaults = "0.25"/>
			
			<vehicleJobLimitations>
				<li>(RepairVehicle, 2)</li>
			</vehicleJobLimitations>
			
			<roles>
				<li>
					<key>driver</key>
					<label>Driver</label>
					<slots>1</slots>
					<slotsToOperate>1</slotsToOperate>
					
					<handlingTypes>Movement</handlingTypes>
					
					<hitbox>
						<side>Front</side>
					</hitbox>
				</li>
				<li>
					<key>gunner</key>
					<label>Gunner</label>
					<slots>1</slots>
					<slotsToOperate>1</slotsToOperate>
					
					<handlingTypes>Turret</handlingTypes>
					
					<turretIds>
						<li>mainTurret</li>
					</turretIds>
					
					<hitbox>
						<cells>
							<li>(0, 1)</li>
							<li>(1, 1)</li>
						</cells>
					</hitbox>
				</li>
				<li>
					<key>passenger</key>
					<label>Passenger</label>
					<slots>1</slots>
					
					<hitbox>
						<cells>
							<li>(0, 1)</li>
							<li>(1, 1)</li>
						</cells>
					</hitbox>
				</li>
			</roles>
		</properties>
		
		<components>
			<li>
				<key>Engine</key>
				<label>Engine</label>
				<health>75</health>
				<priorityStatEfficiency>true</priorityStatEfficiency>
				<depth>External</depth>
				
				<reactors>
					<li Class = "Vehicles.Reactor_Explosive">
						<indicator>VF_Explosive</indicator>
						<chance>0.25</chance>
						<maxHealth>0.2</maxHealth>
						<radius>3</radius>
						<damageDef>Flame</damageDef>
						
						<drawOffsets>
							<north>(0, 0, -0.4)</north>
							<east>(-1.25, 0, 0.5)</east>
							<south>(0, 0, 1.6)</south>
						</drawOffsets>
					</li>
				</reactors>
				
				<hitbox>
					<cells>
						<li>(0, 0)</li>
						<li>(1, 0)</li>
					</cells>
				</hitbox>
				
				<categories>
					<li>MoveSpeed</li>
				</categories>
			</li>
			<li>
				<key>FrontLeftWheel</key>
				<label>Front Left Wheel</label>
				<health>50</health>
				<depth>External</depth>
				
				<armor>
					<ArmorRating_Blunt>0</ArmorRating_Blunt>
					<ArmorRating_Sharp>0</ArmorRating_Sharp>
				</armor>
					
				<tags>
					<li>Wheel</li>
				</tags>
				
				<hitbox>
					<fallthrough>false</fallthrough>
					<cells>
						<li>(0, 2)</li>
					</cells>
				</hitbox>
				
				<categories>
					<li>MoveSpeed</li>
				</categories>
			</li>
			<li>
				<key>FrontRightWheel</key>
				<label>Front Right Wheel</label>
				<health>50</health>
				<depth>External</depth>
				
				<armor>
					<ArmorRating_Blunt>0</ArmorRating_Blunt>
					<ArmorRating_Sharp>0</ArmorRating_Sharp>
				</armor>
					
				<tags>
					<li>Wheel</li>
				</tags>
				
				<hitbox>
					<fallthrough>false</fallthrough>
					<cells>
						<li>(1, 2)</li>
					</cells>
				</hitbox>
				
				<categories>
					<li>MoveSpeed</li>
				</categories>
			</li>
			<li>
				<key>BackLeftWheel</key>
				<label>Back Left Wheel</label>
				<health>50</health>
				<depth>External</depth>
				
				<armor>
					<ArmorRating_Blunt>0</ArmorRating_Blunt>
					<ArmorRating_Sharp>0</ArmorRating_Sharp>
				</armor>
				
				<tags>
					<li>Wheel</li>
				</tags>
				
				<hitbox>
					<fallthrough>false</fallthrough>
					<cells>
						<li>(0, -1)</li>
					</cells>
				</hitbox>
				
				<categories>
					<li>MoveSpeed</li>
				</categories>
			</li>
			<li>
				<key>BackRightWheel</key>
				<label>Back Right Wheel</label>
				<health>50</health>
				<depth>External</depth>
				
				<armor>
					<ArmorRating_Blunt>0</ArmorRating_Blunt>
					<ArmorRating_Sharp>0</ArmorRating_Sharp>
				</armor>
				
				<tags>
					<li>Wheel</li>
				</tags>
				
				<hitbox>
					<fallthrough>false</fallthrough>
					<cells>
						<li>(0, -1)</li>
					</cells>
				</hitbox>
				
				<categories>
					<li>MoveSpeed</li>
				</categories>
			</li>
			<li>
				<key>FrontLeftSuspension</key>
				<label>Front Left Suspension</label>
				<health>30</health>
				<depth>Internal</depth>
				
				<hitbox>
					<cells>
						<li>(0, 2)</li>
					</cells>
				</hitbox>
				
				<categories>
					<li>MoveSpeed</li>
				</categories>
			</li>
			<li>
				<key>FrontRightSuspension</key>
				<label>Front Right Suspension</label>
				<health>30</health>
				<depth>Internal</depth>
				
				<hitbox>
					<cells>
						<li>(1, 2)</li>
					</cells>
				</hitbox>
				
				<categories>
					<li>MoveSpeed</li>
				</categories>
			</li>
			<li>
				<key>BackLeftSuspension</key>
				<label>Back Left Suspension</label>
				<health>30</health>
				<depth>Internal</depth>
				
				<hitbox>
					<cells>
						<li>(0, -1)</li>
					</cells>
				</hitbox>
				
				<categories>
					<li>MoveSpeed</li>
				</categories>
			</li>
			<li>
				<key>BackRightSuspension</key>
				<label>Back Right Suspension</label>
				<health>30</health>
				<depth>Internal</depth>
				
				<hitbox>
					<cells>
						<li>(1, -1)</li>
					</cells>
				</hitbox>
				
				<categories>
					<li>MoveSpeed</li>
				</categories>
			</li>
			<li>
				<key>Gearbox</key>
				<label>Gearbox</label>
				<health>45</health>
				<depth>Internal</depth>
				
				<hitbox>
					<side>Front</side>
				</hitbox>
				
				<categories>
					<li>MoveSpeed</li>
				</categories>
			</li>
			<li>
				<key>FrontArmorPlating</key>
				<label>Front Armor Plating</label>
				<health>100</health>
				<depth>External</depth>
				
				<armor>
					<ArmorRating_Blunt>0.38</ArmorRating_Blunt>
					<ArmorRating_Sharp>0.72</ArmorRating_Sharp>
				</armor>
				
				<hitbox>
					<side>Front</side>
				</hitbox>
			</li>
			<li>
				<key>LeftArmorPlating</key>
				<label>Left Armor Plating</label>
				<health>80</health>
				<depth>External</depth>
				
				<armor>
					<ArmorRating_Blunt>0.38</ArmorRating_Blunt>
					<ArmorRating_Sharp>0.72</ArmorRating_Sharp>
				</armor>
				
				<hitbox>
					<side>Left</side>
				</hitbox>
			</li>
			<li>
				<key>RightArmorPlating</key>
				<label>Right Armor Plating</label>
				<health>80</health>
				<depth>External</depth>
				
				<armor>
					<ArmorRating_Blunt>0.38</ArmorRating_Blunt>
					<ArmorRating_Sharp>0.72</ArmorRating_Sharp>
				</armor>
				
				<hitbox>
					<side>Right</side>
				</hitbox>
			</li>
			<li>
				<key>Chemtank</key>
				<label>Chemtank</label>
				<health>40</health>
				<depth>Internal</depth>
				
				<reactors>
					<li Class = "Vehicles.Reactor_FuelLeak"/>
					<li Class = "Vehicles.Reactor_Explosive">
						<indicator>VF_Explosive</indicator>
						<chance>0.25</chance>
						<maxHealth>0.2</maxHealth>
						<radius>3</radius>
						<damageDef>Flame</damageDef>
						
						<drawOffsets>
							<north>(0, 0, -0.4)</north>
							<east>(-1.25, 0, 0.5)</east>
							<south>(0, 0, 1.6)</south>
						</drawOffsets>
					</li>
				</reactors>
				
				<hitbox>
					<cells>
						<li>(0, 0)</li>
						<li>(1, 0)</li>
					</cells>
				</hitbox>
			</li>
			<li>
				<key>FrontBumper</key>
				<label>Front Bumper</label>
				<health>20</health>
				<depth>External</depth>
				
				<hitbox>
					<side>Front</side>
				</hitbox>
			</li>
			<li>
				<key>Upholstery</key>
				<label>Upholstery</label>
				<health>30</health>
				<depth>Internal</depth>
			</li>
			<li>
				<key>Dashboard</key>
				<label>Dashboard</label>
				<health>45</health>
				<depth>Internal</depth>
			</li>
			<li>
				<key>SteeringWheel</key>
				<label>Steering Wheel</label>
				<health>20</health>
				<depth>Internal</depth>
			</li>
			<li>
				<key>Alternator</key>
				<label>Alternator</label>
				<health>20</health>
				<depth>Internal</depth>
			</li>
			<li>
				<key>Roof</key>
				<label>Roof</label>
				<health>85</health>
				<depth>External</depth>
				
				<armor>
					<ArmorRating_Blunt>0.38</ArmorRating_Blunt>
					<ArmorRating_Sharp>0.72</ArmorRating_Sharp>
				</armor>
			</li>
		</components>
		
		<modExtensions>
			<li Class="VanillaVehiclesExpanded.StatExtension">
				<statToAdd>
					<li>VVE_VehicleTier</li>
				</statToAdd>
				<statValues>
					<li>VVE_Tier1</li>
				</statValues>
				<statDescriptions>
					<li>VVE_Tier1Desc</li>
				</statDescriptions>
			</li>
		</modExtensions>
		
		<comps>
			<li Class="Vehicles.CompProperties_FueledTravel">
				<fuelType>Chemfuel</fuelType>
				<leakDef>Filth_Fuel</leakDef>
				<fuelConsumptionRate>24.5</fuelConsumptionRate>
				<fuelConsumptionWorldMultiplier>0.8</fuelConsumptionWorldMultiplier>
				<fuelCapacity>80</fuelCapacity>
			</li>
			<li Class="Vehicles.CompProperties_VehicleTurrets">
				<turrets>
					<li>
						<turretDef>Highwayman_MainTurret</turretDef>
						
						<renderProperties>
							<north>(0, 0.85)</north>
							<south>(0, 0.5)</south>
							<east>(0.1, 0.5)</east>
						</renderProperties>
						<drawLayer>3</drawLayer>

						<gizmoLabel>Main Turret</gizmoLabel>
						
						<angleRestricted/>
						<aimPieOffset>(0, 0.65)</aimPieOffset>
						
						<key>mainTurret</key>
					</li>
				</turrets>
			</li>
		</comps>
	</Vehicles.VehicleDef>
</Defs>