﻿<?xml version="1.0" encoding="utf-8"?><Defs>

  <SoundDef>
    <defName>VVE_RoadkillReloadSound</defName>  
    <context>MapOnly</context>  
    <maxSimultaneous>1</maxSimultaneous>  
    <subSounds>
      <li>
        <grains>
          <li Class="AudioGrain_Clip">
            <clipPath>RoadkillCannon_Reload</clipPath>
          </li>
        </grains>
      </li>
    </subSounds>
  </SoundDef>

  <SoundDef>
    <defName>VVE_BulldogReloadSound</defName>  
    <context>MapOnly</context>  
    <maxSimultaneous>1</maxSimultaneous>  
    <subSounds>
      <li>
        <grains>
          <li Class="AudioGrain_Clip">
            <clipPath>BulldogCannon_Reload</clipPath>
          </li>
        </grains>
      </li>
    </subSounds>
  </SoundDef>

  <SoundDef>
    <defName>VVE_Shot_RoadkillCannonSound</defName>  
    <context>MapOnly</context>  
    <maxSimultaneous>1</maxSimultaneous>  
    <subSounds>
      <li>
        <grains>
          <li Class="AudioGrain_Clip">
            <clipPath>RoadkillCannon_Shot</clipPath>
          </li>
        </grains>      
        <volumeRange>40~40</volumeRange>
      </li>
    </subSounds>
  </SoundDef>
  
  <SoundDef>
    <defName>VVE_Shot_BulldogCannonSound</defName>  
    <context>MapOnly</context>  
    <maxSimultaneous>1</maxSimultaneous>  
    <subSounds>
      <li>
        <grains>
          <li Class="AudioGrain_Clip">
            <clipPath>BulldogCannon_Shot</clipPath>
          </li>
        </grains>      
        <volumeRange>40~40</volumeRange>
      </li>
    </subSounds>
  </SoundDef>
  
  <SoundDef>
    <defName>VVE_VehicleEnter</defName>  
    <context>MapOnly</context>  
    <maxSimultaneous>1</maxSimultaneous>  
    <subSounds>
      <li>
        <grains>
          <li Class="AudioGrain_Clip">
            <clipPath>CarDoor_Closing</clipPath>
          </li>
        </grains>      
        <volumeRange>40~40</volumeRange>
      </li>
    </subSounds>
  </SoundDef>
  
  <SoundDef>
    <defName>VVE_VehicleEnterArmored</defName>  
    <context>MapOnly</context>  
    <maxSimultaneous>1</maxSimultaneous>  
    <subSounds>
      <li>
        <grains>
          <li Class="AudioGrain_Clip">
            <clipPath>ArmoredDoor_Closing</clipPath>
          </li>
        </grains>      
        <volumeRange>40~40</volumeRange>
      </li>
    </subSounds>
  </SoundDef>
  
  <SoundDef>
    <defName>VVE_VehicleStart</defName>  
    <context>MapOnly</context>  
    <maxSimultaneous>1</maxSimultaneous>  
    <subSounds>
      <li>
        <grains>
          <li Class="AudioGrain_Clip">
            <clipPath>VehicleStart</clipPath>
          </li>
        </grains>      
        <volumeRange>40~40</volumeRange>
      </li>
    </subSounds>
  </SoundDef>
  
  <SoundDef>
    <defName>VVE_Shot_BunsenCannonSound</defName>  
    <context>MapOnly</context>  
    <maxSimultaneous>1</maxSimultaneous>  
    <subSounds>
      <li>
        <grains>
          <li Class="AudioGrain_Clip">
            <clipPath>BunsenCannon_Shot</clipPath>
          </li>
        </grains>      
        <volumeRange>40~40</volumeRange>
      </li>
    </subSounds>
  </SoundDef>
  
  <!-- T3 -->
  
  <SoundDef>
    <defName>VVE_MarshalReloadSound</defName>  
    <context>MapOnly</context>  
    <maxSimultaneous>1</maxSimultaneous>  
    <subSounds>
      <li>
        <grains>
          <li Class="AudioGrain_Clip">
            <clipPath>MarshalCannon_Reload</clipPath>
          </li>
        </grains>
      </li>
    </subSounds>
  </SoundDef>
  
  <SoundDef>
    <defName>VVE_Shot_MarshalCannonSound</defName>  
    <context>MapOnly</context>  
    <maxSimultaneous>1</maxSimultaneous>  
    <subSounds>
      <li>
        <grains>
          <li Class="AudioGrain_Clip">
            <clipPath>MarshalCannon_Shot</clipPath>
          </li>
        </grains>      
        <volumeRange>40~40</volumeRange>
      </li>
    </subSounds>
  </SoundDef>
  
  <SoundDef>
    <defName>VVE_MortarReloadSound</defName>  
    <context>MapOnly</context>  
    <maxSimultaneous>1</maxSimultaneous>  
    <subSounds>
      <li>
        <grains>
          <li Class="AudioGrain_Clip">
            <clipPath>MortarCannon_Reload</clipPath>
          </li>
        </grains>
      </li>
    </subSounds>
  </SoundDef>
  
  <SoundDef>
    <defName>VVE_Shot_MortarCannonSound</defName>  
    <context>MapOnly</context>  
    <maxSimultaneous>1</maxSimultaneous>  
    <subSounds>
      <li>
        <grains>
          <li Class="AudioGrain_Clip">
            <clipPath>MortarCannon_Shot</clipPath>
          </li>
        </grains>      
        <volumeRange>40~40</volumeRange>
      </li>
    </subSounds>
  </SoundDef>
  
  <SoundDef>
    <defName>VVE_IFVCannonSound</defName>  
    <context>MapOnly</context>  
    <maxSimultaneous>1</maxSimultaneous>  
    <subSounds>
      <li>
        <grains>
          <li Class="AudioGrain_Clip">
            <clipPath>IFVCannonSound</clipPath>
          </li>
        </grains>
      </li>
    </subSounds>
  </SoundDef>
  
  <SoundDef>
    <defName>VVE_IFVCannonReload</defName>  
    <context>MapOnly</context>  
    <maxSimultaneous>1</maxSimultaneous>  
    <subSounds>
      <li>
        <grains>
          <li Class="AudioGrain_Clip">
            <clipPath>IFVCannonReload</clipPath>
          </li>
        </grains>      
        <volumeRange>40~40</volumeRange>
      </li>
    </subSounds>
  </SoundDef>
  
  <SoundDef>
    <defName>VVE_TruckHorn</defName>  
    <context>MapOnly</context>  
    <maxSimultaneous>1</maxSimultaneous>  
    <subSounds>
      <li>
				<grains>
					<li Class="AudioGrain_Folder">
						<clipFolderPath>TruckHorn</clipFolderPath>
					</li>
				</grains>  
        <volumeRange>40~40</volumeRange>
        <pitchRange>0.89~1.11</pitchRange>
      </li>
    </subSounds>
  </SoundDef>

  <SoundDef>
    <defName>VVE_Deploy</defName>  
    <context>MapOnly</context>  
    <maxSimultaneous>1</maxSimultaneous>  
    <subSounds>
      <li>
		<grains>
			<li Class="AudioGrain_Clip">
				<clipPath>VehicleDeploy_Oneshot</clipPath>
			</li>
		</grains>  
        <volumeRange>40~40</volumeRange>
        <pitchRange>0.89~1.11</pitchRange>
      </li>
    </subSounds>
  </SoundDef>
  
  <SoundDef>
    <defName>VVE_Undeploy</defName>  
    <context>MapOnly</context>  
    <maxSimultaneous>1</maxSimultaneous>  
    <subSounds>
      <li>
		<grains>
			<li Class="AudioGrain_Clip">
				<clipPath>VehicleUndeploy_Oneshot</clipPath>
			</li>
		</grains>  
        <volumeRange>40~40</volumeRange>
        <pitchRange>0.89~1.11</pitchRange>
      </li>
    </subSounds>
  </SoundDef>
</Defs>