<?xml version="1.0" encoding="utf-8" ?>

<Defs>	
	<Vehicles.VehicleDef ParentName="VehiclePawn_Mechanical">
		<defName>VVE_Wisent</defName>
		<label>Wisent</label>
		<description>A military-grade all-purpose transporter, the Wisent is a powerful truck capable of transporting both plentiful cargo and soldiers into hostile territory. Terrible fuel economy, however it can quickly navigate through rough terrain.\n\nCounter to other tier 2 vehicles, this is less efficient but more effective when travelling away from roads. Passengers sitting in the back will be exposed to enemy fire and the armour plating is only suited for minimal small arms fire.\n\n&lt;color=#bb8f04&gt;Crew:&lt;/color&gt; Driver x1, Passenger x7\n&lt;color=#bb8f04&gt;Fuel type:&lt;/color&gt; Chemfuel</description>
		
		<graphicData>
			<texPath>Things/Vehicles/Tier2/Tier2_MilitaryTruck/Tier2_MilitaryTruck</texPath>
			<graphicClass>Vehicles.Graphic_Vehicle</graphicClass>
			<shaderType>CutoutComplexPattern</shaderType>
			<drawSize>(4,7)</drawSize>
			<color>(72, 77, 72)</color>
			<colorTwo>(56, 55, 50)</colorTwo>
			<colorThree>(100, 69, 59)</colorThree>
		</graphicData>
		
		<fillPercent>1</fillPercent>
		
		<buildDef>VVE_Wisent_Blueprint</buildDef>
		
		<size>(3,6)</size>
		
		<vehicleMovementPermissions>DriverNeeded</vehicleMovementPermissions>
		<vehicleCategory>Transport</vehicleCategory>
		<techLevel>Industrial</techLevel>
		<vehicleType>Land</vehicleType>
		
		<statBases>
			<ArmorRating_Blunt>0.28</ArmorRating_Blunt>
			<ArmorRating_Sharp>0.52</ArmorRating_Sharp>
			<ArmorRating_Heat>1.0</ArmorRating_Heat>
			<Flammability>0.5</Flammability>
			<MarketValue>4260</MarketValue>
		</statBases>
		
		<vehicleStats>
			<Mass>380</Mass>
			<MoveSpeed>10.2</MoveSpeed>
			<CargoCapacity>600</CargoCapacity>
			<RepairRate>0.5</RepairRate>
			<AccelerationRate>0.02</AccelerationRate>
		</vehicleStats>
		
		<soundSustainersOnEvent>
			<li>
				<start>IgnitionOn</start>
				<stop>IgnitionOff</stop>
				<value>VVE_VehicleEngineBigTruck</value>
			</li>
		</soundSustainersOnEvent>
		
		<race>
			<baseBodySize>3.5</baseBodySize>
		</race>
		
		<properties>
			<customRoadCosts AssignDefaults = "0.5"/>
			
			<vehicleJobLimitations>
				<li>(RepairVehicle, 2)</li>
			</vehicleJobLimitations>
			
			<diagonalRotation>true</diagonalRotation>
			<manhunterTargetsVehicle>false</manhunterTargetsVehicle>
			<worldSpeedMultiplier>1.4</worldSpeedMultiplier>
			<winterSpeedMultiplier>1.3</winterSpeedMultiplier>
			
			<roles>
				<li>
					<key>driver</key>
					<label>Driver</label>
					<slots>1</slots>
					<slotsToOperate>1</slotsToOperate>
					
					<handlingTypes>
						<li>Movement</li>
					</handlingTypes>
					
					<hitbox>
						<cells>
							<li>(-1, 3)</li>
							<li>(0, 3)</li>
						</cells>
					</hitbox>
				</li>
				<li>
					<key>passenger1</key>
					<label>Passenger 1</label>
					<slots>1</slots>
			
					<hitbox>
						<cells>
							<li>(1, 3)</li>
						</cells>
					</hitbox>
				</li>
				<li>
					<key>passenger2</key>
					<label>Passenger 2</label>
					<slots>1</slots>
					
					<exposed>true</exposed>
					
					<hitbox>
						<cells>
							<li>(-1, 1)</li>
						</cells>
					</hitbox>
				
					<pawnRenderer>
						<layer>1</layer>
						<layerNorth>1</layerNorth>
						<layerSouth>1</layerSouth>
						<angleNorth>0</angleNorth>
						<angleEast>0</angleEast>
						<angleSouth>0</angleSouth>
						<angleNorthEast>0</angleNorthEast>
						<angleSouthEast>0</angleSouthEast>
						<drawOffsetNorth>(-0.65, 0, 0.65)</drawOffsetNorth>
						<drawOffsetSouth>(0.65, 0, 0.65)</drawOffsetSouth>
						<drawOffsetEast>(0, 0, 1.25)</drawOffsetEast>
						
						<north>East</north>
						<east>South</east>
						<south>West</south>
						<west>South</west>
						<northEast>East</northEast>
						<southEast>West</southEast>
						<southWest>West</southWest>
						<northWest>East</northWest>
					</pawnRenderer>
				</li>
				<li>
					<key>passenger3</key>
					<label>Passenger 3</label>
					<slots>1</slots>
					
					<exposed>true</exposed>
					
					<hitbox>
						<cells>
							<li>(1, 1)</li>
						</cells>
					</hitbox>
				
					<pawnRenderer>
						<layer>1</layer>
						<layerNorth>1</layerNorth>
						<layerSouth>1</layerSouth>
						<angleNorth>0</angleNorth>
						<angleEast>0</angleEast>
						<angleSouth>0</angleSouth>
						<angleNorthEast>0</angleNorthEast>
						<angleSouthEast>0</angleSouthEast>
						<drawOffsetNorth>(0.65, 0, 0.65)</drawOffsetNorth>
						<drawOffsetSouth>(-0.65, 0, 0.65)</drawOffsetSouth>
						<drawOffsetEast>(0,0,0)</drawOffsetEast>
						
						<north>West</north>
						<east>North</east>
						<south>East</south>
						<west>North</west>
						<northEast>West</northEast>
						<southEast>East</southEast>
						<southWest>East</southWest>
						<northWest>West</northWest>
					</pawnRenderer>
				</li>
				<li>
					<key>passenger4</key>
					<label>Passenger 4</label>
					<slots>1</slots>
					
					<exposed>true</exposed>
					
					<hitbox>
						<cells>
							<li>(-1, 0)</li>
						</cells>
					</hitbox>
				
					<pawnRenderer>
						<layer>1</layer>
						<layerNorth>1</layerNorth>
						<layerSouth>1</layerSouth>
						<angleNorth>0</angleNorth>
						<angleEast>0</angleEast>
						<angleSouth>0</angleSouth>
						<angleNorthEast>0</angleNorthEast>
						<angleSouthEast>0</angleSouthEast>
						<drawOffsetNorth>(-0.65, 0, -0.2)</drawOffsetNorth>
						<drawOffsetSouth>(0.65, 0, 1.4)</drawOffsetSouth>
						<drawOffsetEast>(-0.8, 0, 1.25)</drawOffsetEast>
						
						<north>East</north>
						<east>South</east>
						<south>West</south>
						<west>South</west>
						<northEast>East</northEast>
						<southEast>West</southEast>
						<southWest>West</southWest>
						<northWest>East</northWest>
					</pawnRenderer>
				</li>
				<li>
					<key>passenger5</key>
					<label>Passenger 5</label>
					<slots>1</slots>
					
					<exposed>true</exposed>
					
					<hitbox>
						<cells>
							<li>(1, 0)</li>
						</cells>
					</hitbox>
				
					<pawnRenderer>
						<layer>1</layer>
						<layerNorth>1</layerNorth>
						<layerSouth>1</layerSouth>
						<angleNorth>0</angleNorth>
						<angleEast>0</angleEast>
						<angleSouth>0</angleSouth>
						<angleNorthEast>0</angleNorthEast>
						<angleSouthEast>0</angleSouthEast>
						<drawOffsetNorth>(0.65, 0, -0.2)</drawOffsetNorth>
						<drawOffsetSouth>(-0.65, 0, 1.4)</drawOffsetSouth>
						<drawOffsetEast>(-0.8, 0, 0)</drawOffsetEast>
						
						<north>West</north>
						<east>North</east>
						<south>East</south>
						<west>North</west>
						<northEast>West</northEast>
						<southEast>East</southEast>
						<southWest>East</southWest>
						<northWest>West</northWest>
					</pawnRenderer>
				</li>
				<li>
					<key>passenger6</key>
					<label>Passenger 6</label>
					<slots>1</slots>
					
					<exposed>true</exposed>
					
					<hitbox>
						<cells>
							<li>(-1, -1)</li>
						</cells>
					</hitbox>
				
					<pawnRenderer>
						<layer>1</layer>
						<layerNorth>1</layerNorth>
						<layerSouth>1</layerSouth>
						<angleNorth>0</angleNorth>
						<angleEast>0</angleEast>
						<angleSouth>0</angleSouth>
						<angleNorthEast>0</angleNorthEast>
						<angleSouthEast>0</angleSouthEast>
						<drawOffsetNorth>(-0.65,0,-1.05)</drawOffsetNorth>
						<drawOffsetSouth>(0.65,0,2.4)</drawOffsetSouth>
						<drawOffsetEast>(-1.6,0,1.25)</drawOffsetEast>

						<north>East</north>
						<east>South</east>
						<south>West</south>
						<west>South</west>
						<northEast>East</northEast>
						<southEast>West</southEast>
						<southWest>West</southWest>
						<northWest>East</northWest>
					</pawnRenderer>
				</li>
				<li>
					<key>passenger7</key>
					<label>Passenger 7</label>
					<slots>1</slots>
					
					<exposed>true</exposed>
					
					<hitbox>
						<cells>
							<li>(1, -1)</li>
						</cells>
					</hitbox>
				
					<pawnRenderer>
						<layer>1</layer>
						<layerNorth>1</layerNorth>
						<layerSouth>1</layerSouth>
						<angleNorth>0</angleNorth>
						<angleEast>0</angleEast>
						<angleSouth>0</angleSouth>
						<angleNorthEast>0</angleNorthEast>
						<angleSouthEast>0</angleSouthEast>
						<drawOffsetNorth>(0.65, 0, -1.05)</drawOffsetNorth>
						<drawOffsetSouth>(-0.65, 0, 2.4)</drawOffsetSouth>
						<drawOffsetEast>(-1.6, 0, 0)</drawOffsetEast>
						
						<north>West</north>
						<east>North</east>
						<south>East</south>
						<west>North</west>
						<northEast>West</northEast>
						<southEast>East</southEast>
						<southWest>East</southWest>
						<northWest>West</northWest>
					</pawnRenderer>
				</li>
				<li>
					<key>passenger8</key>
					<label>Passenger 8</label>
					<slots>1</slots>
					
					<exposed>true</exposed>
					
					<hitbox>
						<cells>
							<li>(-1, -2)</li>
						</cells>
					</hitbox>
				
					<pawnRenderer>
						<layer>1</layer>
						<layerNorth>1</layerNorth>
						<layerSouth>1</layerSouth>
						<angleNorth>0</angleNorth>
						<angleEast>0</angleEast>
						<angleSouth>0</angleSouth>
						<angleNorthEast>0</angleNorthEast>
						<angleSouthEast>0</angleSouthEast>
						<drawOffsetNorth>(-0.65, 0, -1.9)</drawOffsetNorth>
						<drawOffsetSouth>(0.65, 0, 3)</drawOffsetSouth>
						<drawOffsetEast>(-2.5, 0, 1.25)</drawOffsetEast>

						<north>East</north>
						<east>South</east>
						<south>West</south>
						<west>South</west>
						<northEast>East</northEast>
						<southEast>West</southEast>
						<southWest>West</southWest>
						<northWest>East</northWest>
					</pawnRenderer>
				</li>
				<li>
					<key>passenger9</key>
					<label>Passenger 9</label>
					<slots>1</slots>
					
					<exposed>true</exposed>
					
					<hitbox>
						<cells>
							<li>(1, -2)</li>
						</cells>
					</hitbox>
				
					<pawnRenderer>
						<layer>1</layer>
						<layerNorth>1</layerNorth>
						<layerSouth>1</layerSouth>
						<angleNorth>0</angleNorth>
						<angleEast>0</angleEast>
						<angleSouth>0</angleSouth>
						<angleNorthEast>0</angleNorthEast>
						<angleSouthEast>0</angleSouthEast>
						<drawOffsetNorth>(0.65, 0, -1.9)</drawOffsetNorth>
						<drawOffsetSouth>(-0.65, 0, 3)</drawOffsetSouth>
						<drawOffsetEast>(-2.5, 0, 0)</drawOffsetEast>
						
						<north>West</north>
						<east>North</east>
						<south>East</south>
						<west>North</west>
						<northEast>West</northEast>
						<southEast>East</southEast>
						<southWest>East</southWest>
						<northWest>West</northWest>
					</pawnRenderer>
				</li>
			</roles>
		</properties>
		
		<components>
			<li>
				<key>Engine</key>
				<label>Engine</label>
				<health>80</health>
				<priorityStatEfficiency>true</priorityStatEfficiency>
				<depth>Internal</depth>
				
				<reactors>
					<li Class = "Vehicles.Reactor_Explosive">
						<indicator>VF_Explosive</indicator>
						<chance>0.25</chance>
						<maxHealth>0.2</maxHealth>
						<radius>3</radius>
						<damageDef>Flame</damageDef>
					</li>
				</reactors>
				
				<hitbox>
					<side>Front</side>
				</hitbox>
				
				<categories>
					<li>MoveSpeed</li>
				</categories>
			</li>
			<li>
				<key>FrontLeftWheel</key>
				<label>Front Left Wheel</label>
				<health>50</health>
				<depth>External</depth>
				
				<armor>
					<ArmorRating_Blunt>0</ArmorRating_Blunt>
					<ArmorRating_Sharp>0</ArmorRating_Sharp>
				</armor>
					
				<tags>
					<li>Wheel</li>
				</tags>
				
				<hitbox>
					<fallthrough>false</fallthrough>
					<cells>
						<li>(-1, 3)</li>
					</cells>
				</hitbox>
				
				<categories>
					<li>MoveSpeed</li>
				</categories>
			</li>
			<li>
				<key>FrontRightWheel</key>
				<label>Front Right Wheel</label>
				<health>50</health>
				<depth>External</depth>
				
				<armor>
					<ArmorRating_Blunt>0</ArmorRating_Blunt>
					<ArmorRating_Sharp>0</ArmorRating_Sharp>
				</armor>
				
				<tags>
					<li>Wheel</li>
				</tags>
				
				<hitbox>
					<fallthrough>false</fallthrough>
					<cells>
						<li>(1, 3)</li>
					</cells>
				</hitbox>
				
				<categories>
					<li>MoveSpeed</li>
				</categories>
			</li>
			<li>
				<key>MiddleLeftWheel</key>
				<label>Middle Left Wheel</label>
				<health>50</health>
				<depth>External</depth>
				
				<armor>
					<ArmorRating_Blunt>0</ArmorRating_Blunt>
					<ArmorRating_Sharp>0</ArmorRating_Sharp>
				</armor>
					
				<tags>
					<li>Wheel</li>
				</tags>
				
				<hitbox>
					<fallthrough>false</fallthrough>
					<cells>
						<li>(-1, 0)</li>
					</cells>
				</hitbox>
				
				<categories>
					<li>MoveSpeed</li>
				</categories>
			</li>
			<li>
				<key>MiddleRightWheel</key>
				<label>Middle Right Wheel</label>
				<health>50</health>
				<depth>External</depth>
				
				<armor>
					<ArmorRating_Blunt>0</ArmorRating_Blunt>
					<ArmorRating_Sharp>0</ArmorRating_Sharp>
				</armor>
				
				<tags>
					<li>Wheel</li>
				</tags>
				
				<hitbox>
					<fallthrough>false</fallthrough>
					<cells>
						<li>(1, 0)</li>
					</cells>
				</hitbox>
				
				<categories>
					<li>MoveSpeed</li>
				</categories>
			</li>
			<li>
				<key>BackLeftWheel</key>
				<label>Back Left Wheel</label>
				<health>50</health>
				<depth>External</depth>
				
				<armor>
					<ArmorRating_Blunt>0</ArmorRating_Blunt>
					<ArmorRating_Sharp>0</ArmorRating_Sharp>
				</armor>
				
				<tags>
					<li>Wheel</li>
				</tags>
				
				<hitbox>
					<fallthrough>false</fallthrough>
					<cells>
						<li>(-1, -2)</li>
					</cells>
				</hitbox>
				
				<categories>
					<li>MoveSpeed</li>
				</categories>
			</li>
			<li>
				<key>BackRightWheel</key>
				<label>Back Right Wheel</label>
				<health>50</health>
				<depth>External</depth>
				
				<armor>
					<ArmorRating_Blunt>0</ArmorRating_Blunt>
					<ArmorRating_Sharp>0</ArmorRating_Sharp>
				</armor>
				
				<tags>
					<li>Wheel</li>
				</tags>
				
				<hitbox>
					<fallthrough>false</fallthrough>
					<cells>
						<li>(1, -2)</li>
					</cells>
				</hitbox>
				
				<categories>
					<li>MoveSpeed</li>
				</categories>
			</li>
			<li>
				<key>FrontLeftSuspension</key>
				<label>Front Left Suspension</label>
				<health>30</health>
				<depth>Internal</depth>
				
				<hitbox>
					<cells>
						<li>(-1, 3)</li>
					</cells>
				</hitbox>
				
				<categories>
					<li>MoveSpeed</li>
				</categories>
			</li>
			<li>
				<key>FrontRightSuspension</key>
				<label>Front Right Suspension</label>
				<health>30</health>
				<depth>Internal</depth>
				
				<hitbox>
					<cells>
						<li>(1, 3)</li>
					</cells>
				</hitbox>
				
				<categories>
					<li>MoveSpeed</li>
				</categories>
			</li>
			<li>
				<key>MiddleLeftSuspension</key>
				<label>Middle Left Suspension</label>
				<health>30</health>
				<depth>Internal</depth>
				
				<hitbox>
					<cells>
						<li>(-1, 0)</li>
					</cells>
				</hitbox>
				
				<categories>
					<li>MoveSpeed</li>
				</categories>
			</li>
			<li>
				<key>MiddleRightSuspension</key>
				<label>Middle Right Suspension</label>
				<health>30</health>
				<depth>Internal</depth>
				
				<hitbox>
					<cells>
						<li>(1, 0)</li>
					</cells>
				</hitbox>
				
				<categories>
					<li>MoveSpeed</li>
				</categories>
			</li>
			<li>
				<key>BackLeftSuspension</key>
				<label>Back Left Suspension</label>
				<health>30</health>
				<depth>Internal</depth>
				
				<hitbox>
					<cells>
						<li>(-1, -2)</li>
					</cells>
				</hitbox>
				
				<categories>
					<li>MoveSpeed</li>
				</categories>
			</li>
			<li>
				<key>BackRightSuspension</key>
				<label>Back Right Suspension</label>
				<health>30</health>
				<depth>Internal</depth>
				
				<hitbox>
					<cells>
						<li>(1, -2)</li>
					</cells>
				</hitbox>
				
				<categories>
					<li>MoveSpeed</li>
				</categories>
			</li>
			<li>
				<key>Gearbox</key>
				<label>Gearbox</label>
				<health>30</health>
				<depth>Internal</depth>
				
				<hitbox>
					<cells>
						<li>(-1, 3)</li>
						<li>(0, 3)</li>
					</cells>
				</hitbox>
				
				<categories>
					<li>MoveSpeed</li>
				</categories>
			</li>
			<li>
				<key>LeftSidePanel</key>
				<label>Left Side Panel</label>
				<health>20</health>
				<depth>External</depth>
				
				<hitbox>
					<side>Left</side>
				</hitbox>
			</li>
			<li>
				<key>RightSidePanel</key>
				<label>Right Side Panel</label>
				<health>20</health>
				<depth>External</depth>
				
				<hitbox>
					<side>Right</side>
				</hitbox>
			</li>
			<li>
				<key>LeftChemtank</key>
				<label>Left Chemtank</label>
				<health>30</health>
				<depth>Internal</depth>
				
				<reactors>
					<li Class = "Vehicles.Reactor_FuelLeak"/>
					<li Class = "Vehicles.Reactor_Explosive">
						<indicator>VF_Explosive</indicator>
						<chance>0.25</chance>
						<maxHealth>0.2</maxHealth>
						<radius>3</radius>
						<damageDef>Flame</damageDef>
					</li>
				</reactors>
				
				<hitbox>
					<cells>
						<li>(-1, 1)</li>
					</cells>
				</hitbox>
			</li>
			<li>
				<key>RightChemtank</key>
				<label>Right Chemtank</label>
				<health>30</health>
				<depth>Internal</depth>
				
				<reactors>
					<li Class = "Vehicles.Reactor_FuelLeak"/>
					<li Class = "Vehicles.Reactor_Explosive">
						<indicator>VF_Explosive</indicator>
						<chance>0.25</chance>
						<maxHealth>0.2</maxHealth>
						<radius>3</radius>
						<damageDef>Flame</damageDef>
					</li>
				</reactors>
				
				<hitbox>
					<cells>
						<li>(1, 1)</li>
					</cells>
				</hitbox>
			</li>
			<li>
				<key>LeftBackPanel</key>
				<label>Left Back Panel</label>
				<health>30</health>
				<depth>External</depth>
				
				<armor>
				    <ArmorRating_Sharp>0.34</ArmorRating_Sharp>
					<ArmorRating_Blunt>0.2</ArmorRating_Blunt>
					<ArmorRating_Heat>0.25</ArmorRating_Heat>
				</armor>
				
				<hitbox>
					<cells>
						<li>(-1, 1)</li>
						<li>(-1, 0)</li>
						<li>(-1, -1)</li>
						<li>(-1, -2)</li>
					</cells>
				</hitbox>
			</li>
			<li>
				<key>RightBackPanel</key>
				<label>Right Back Panel</label>
				<health>30</health>
				<depth>External</depth>
		
				<armor>
				    <ArmorRating_Sharp>0.34</ArmorRating_Sharp>
					<ArmorRating_Blunt>0.2</ArmorRating_Blunt>
					<ArmorRating_Heat>0.25</ArmorRating_Heat>
				</armor>
				
				<hitbox>
					<cells>
						<li>(1, 1)</li>
						<li>(1, 0)</li>
						<li>(1, -1)</li>
						<li>(1, -2)</li>
					</cells>
				</hitbox>
			</li>
			<li>
				<key>FrontBumper</key>
				<label>Front Bumper</label>
				<health>30</health>
				<depth>External</depth>
				
				<hitbox>
					<side>Front</side>
				</hitbox>
			</li>
			<li>
				<key>RearBumper</key>
				<label>Rear Bumper</label>
				<health>20</health>
				<depth>External</depth>
				
				<hitbox>
					<side>Back</side>
				</hitbox>
			</li>
			<li>
				<key>Upholstery</key>
				<label>Upholstery</label>
				<health>20</health>
				<depth>Internal</depth>
				<hitWeight>5</hitWeight>
			</li>
			<li>
				<key>Dashboard</key>
				<label>Dashboard</label>
				<health>30</health>
				<depth>Internal</depth>
				<hitWeight>2</hitWeight>
			</li>
			<li>
				<key>SteeringWheel</key>
				<label>Steering Wheel</label>
				<health>20</health>
				<depth>Internal</depth>
				<hitWeight>1</hitWeight>
			</li>
			<li>
				<key>Alternator</key>
				<label>Alternator</label>
				<health>25</health>
				<depth>Internal</depth>
				<hitWeight>1</hitWeight>
			</li>
			<li>
				<key>Hood</key>
				<label>Hood</label>
				<health>30</health>
				<depth>External</depth>
				<hitWeight>5</hitWeight>
			</li>
			<li>
				<key>Roof</key>
				<label>Roof</label>
				<health>30</health>
				<depth>External</depth>
				<hitWeight>5</hitWeight>
			</li>
		</components>
		
		<modExtensions>
			<li Class="VanillaVehiclesExpanded.StatExtension">
				<statToAdd>
					<li>VVE_VehicleTier</li>
				</statToAdd>
				<statValues>
					<li>VVE_Tier2</li>
				</statValues>
				<statDescriptions>
					<li>VVE_Tier2Desc</li>
				</statDescriptions>
			</li>
		</modExtensions>
		
		<comps>
			<li Class="Vehicles.CompProperties_FueledTravel">
				<fuelType>Chemfuel</fuelType>
				<leakDef>Filth_Fuel</leakDef>
				<fuelConsumptionRate>36</fuelConsumptionRate>
				<fuelConsumptionWorldMultiplier>1.25</fuelConsumptionWorldMultiplier>
				<fuelCapacity>160</fuelCapacity>
			</li>
		</comps>
	</Vehicles.VehicleDef>
</Defs>