<?xml version="1.0" encoding="utf-8" ?>

<Defs>
	<Vehicles.VehicleBuildDef ParentName="VehicleBaseBuildable">
		<defName>VVE_Smuggler_Blueprint</defName>
		<label>Smuggler</label>
		<description>A general-purpose aircraft, the Smuggler is an extremely fast and effective mode of transportation. While it is faster and can carry more cargo than helicopters, it requires a landing strip to both take off and land.\n\nDifferent to other tier 2 vehicles, this has regular fuel efficiency on the world map but moves significantly faster in return.\n\nBeing a flying vehicle, it is extremely obvious when on the move.\n\n&lt;color=#bb8f04&gt;Crew:&lt;/color&gt; Pilot x1, Passenger x3\n&lt;color=#bb8f04&gt;Fuel type:&lt;/color&gt; Chemfuel</description>
		<designationCategory>VF_Vehicles</designationCategory>
		
		<graphicData>
			<texPath>Things/Vehicles/Tier2/Tier2_Airplane/Tier2_Airplane</texPath>
			<graphicClass>Graphic_Multi</graphicClass>
			<drawSize>(7, 7)</drawSize>
		</graphicData>
		
		<statBases>
			<MaxHitPoints>500</MaxHitPoints>
			<WorkToBuild>20000</WorkToBuild>
			<Flammability>0.5</Flammability>
		</statBases>
		
		<size>(3, 6)</size>
		
		<researchPrerequisites>
			<li>VVE_AerialVehicles</li>
		</researchPrerequisites>
		
		<costList>
			<VVE_EngineBlock>2</VVE_EngineBlock>
			<VVE_CarAlternator>4</VVE_CarAlternator>
			<VVE_CarExhaust>6</VVE_CarExhaust>
			<VVE_CarSuspension>3</VVE_CarSuspension>
			<VVE_CarWheel>3</VVE_CarWheel>
			<VVE_CarTransmission>1</VVE_CarTransmission>
			<VVE_CarWiring>2</VVE_CarWiring>
			<VVE_CarFuelTank>2</VVE_CarFuelTank>
			<Plasteel>400</Plasteel>
			<ComponentIndustrial>40</ComponentIndustrial>
			<ElectronicComponents>10</ElectronicComponents>
		</costList>
		
		<soundImpactDefault>BulletImpact_Metal</soundImpactDefault>
		<thingToSpawn>VVE_Smuggler</thingToSpawn>
		
		<constructionSkillPrerequisite>6</constructionSkillPrerequisite>
	</Vehicles.VehicleBuildDef>
</Defs>
