<?xml version="1.0" encoding="utf-8" ?>

<Defs>
	<Vehicles.VehicleBuildDef ParentName="VehicleBaseBuildable">
		<defName>VVE_Charley_Blueprint</defName>
		<label>Charley</label>
		<description>A general motorcycle, the Charley is a very effective single-person vehicle with a small cargo capacity. Performs well on any road except during winter season or snowy terrain, or both, with an increased speed on the world map.\n\nSimilar to other tier 2 vehicles, this has double fuel efficiency on the world map which makes them more efficient than tier 1 vehicles. They are also less visible due to improved manufacturing.\n\n&lt;color=#bb8f04&gt;Crew:&lt;/color&gt; Driver x1\n&lt;color=#bb8f04&gt;Fuel type:&lt;/color&gt; Chemfuel</description>
		<designationCategory>VF_Vehicles</designationCategory>
		
		<graphicData>
			<texPath>Things/Vehicles/Tier2/Tier2_Motorbike/Tier2_Motorbike</texPath>
			<graphicClass>Graphic_Multi</graphicClass>
			<drawSize>(2,2)</drawSize>
		</graphicData>
		
		<statBases>
			<MaxHitPoints>100</MaxHitPoints>
			<WorkToBuild>3500</WorkToBuild>
			<Flammability>0.05</Flammability>
		</statBases>
		
		<size>(1,1)</size>
		
		<researchPrerequisites>
			<li>VVE_ComplexVehicles</li>
		</researchPrerequisites>
		
		<costList>
			<VVE_EngineBlock>1</VVE_EngineBlock>
			<VVE_CarAlternator>1</VVE_CarAlternator>
			<VVE_CarExhaust>2</VVE_CarExhaust>
			<VVE_CarSuspension>2</VVE_CarSuspension>
			<VVE_CarWheel>2</VVE_CarWheel>
			<VVE_CarFuelTank>1</VVE_CarFuelTank>
			<Plasteel>80</Plasteel>
			<GoldBar>30</GoldBar>
			<ComponentIndustrial>8</ComponentIndustrial>
			<ElectronicComponents>3</ElectronicComponents>
		</costList>
		
		<soundImpactDefault>BulletImpact_Metal</soundImpactDefault>
		<thingToSpawn>VVE_Charley</thingToSpawn>
		
		<constructionSkillPrerequisite>6</constructionSkillPrerequisite>
	</Vehicles.VehicleBuildDef>
</Defs>
