﻿<?xml version="1.0" encoding="utf-8" ?>
<Defs>

  <ThingDef ParentName="BuildingBase">
    <defName>VVE_GarageCabinet</defName>
    <label>garage cabinet</label>
    <description>A handy cabinet that contains a whole bunch of extra tools of various sizes and functions. Increases work speed when placed near a garage bench. One bench can use up to two garage cabinets.</description>
    <graphicData>
      <texPath>Things/Building/Production/GarageCabinet</texPath>
      <graphicClass>Graphic_Multi</graphicClass>
      <drawSize>(2,1)</drawSize>
      <damageData>
        <cornerTL>Damage/Corner</cornerTL>
        <cornerTR>Damage/Corner</cornerTR>
        <cornerBL>Damage/Corner</cornerBL>
        <cornerBR>Damage/Corner</cornerBR>
      </damageData>
    </graphicData>
    <altitudeLayer>Building</altitudeLayer>
    <passability>PassThroughOnly</passability>
    <castEdgeShadows>true</castEdgeShadows>
    <staticSunShadowHeight>0.35</staticSunShadowHeight>
    <fillPercent>0.5</fillPercent>
    <canOverlapZones>false</canOverlapZones>
    <pathCost>42</pathCost>
    <statBases>
      <MaxHitPoints>100</MaxHitPoints>
      <WorkToBuild>1800</WorkToBuild>
      <Mass>20</Mass>
      <Flammability>1</Flammability>
    </statBases>
    <size>(2,1)</size>
    <costList>
      <Plasteel>140</Plasteel>
	  <ComponentIndustrial>8</ComponentIndustrial>
    </costList>
    <building>
      <destroySound>BuildingDestroyed_Metal_Small</destroySound>
    </building>
    <designationCategory>VF_Vehicles</designationCategory>
    <minifiedDef>MinifiedThing</minifiedDef>
    <constructionSkillPrerequisite>4</constructionSkillPrerequisite>
    <thingCategories>
      <li>BuildingsMisc</li>
    </thingCategories>
	<terrainAffordanceNeeded>Light</terrainAffordanceNeeded>
    <comps>
      <li Class="CompProperties_Facility">
        <statOffsets>
          <WorkTableWorkSpeedFactor>0.1</WorkTableWorkSpeedFactor>
        </statOffsets>
        <maxSimultaneous>2</maxSimultaneous>
      </li>
	</comps>
    <researchPrerequisites>
      <li>VVE_BasicVehicles</li>
    </researchPrerequisites>
    <placeWorkers>
      <li>PlaceWorker_ShowFacilitiesConnections</li>
    </placeWorkers>
  </ThingDef>
  
   <ThingDef ParentName="BuildingBase">
    <defName>VVE_RefuelingPump</defName>
    <label>refueling pump</label>
    <description>A refueling pump that will automatically refuel chemfuel-powered vehicles standing on the interaction spot. Needs to be filled with chemfuel.</description>
    <graphicData>
      <texPath>Things/Building/Vehicles/RefuelingPump</texPath>
      <graphicClass>Graphic_Multi</graphicClass>
      <drawSize>(2,2)</drawSize>
      <damageData>
        <cornerTL>Damage/Corner</cornerTL>
        <cornerTR>Damage/Corner</cornerTR>
        <cornerBL>Damage/Corner</cornerBL>
        <cornerBR>Damage/Corner</cornerBR>
      </damageData>
    </graphicData>
    <altitudeLayer>Building</altitudeLayer>
    <passability>PassThroughOnly</passability>
    <castEdgeShadows>true</castEdgeShadows>
    <staticSunShadowHeight>0.2</staticSunShadowHeight>
    <fillPercent>0.5</fillPercent>
    <canOverlapZones>false</canOverlapZones>
    <pathCost>42</pathCost>
    <statBases>
      <MaxHitPoints>100</MaxHitPoints>
      <WorkToBuild>2200</WorkToBuild>
      <Mass>15</Mass>
      <Flammability>1</Flammability>
    </statBases>
    <size>(1,1)</size>
    <costList>
      <Plasteel>80</Plasteel>
	  <ComponentIndustrial>10</ComponentIndustrial>
    </costList>
    <building>
      <destroySound>BuildingDestroyed_Metal_Small</destroySound>
    </building>
    <designationCategory>VF_Vehicles</designationCategory>
    <minifiedDef>MinifiedThing</minifiedDef>
    <thingCategories>
      <li>BuildingsMisc</li>
    </thingCategories>
	<hasInteractionCell>true</hasInteractionCell>
	<interactionCellOffset>(0,0,-2)</interactionCellOffset>
	<terrainAffordanceNeeded>Light</terrainAffordanceNeeded>
    <researchPrerequisites>
      <li>BiofuelRefining</li>
    </researchPrerequisites>
	<tickerType>Normal</tickerType>
	<uiIconScale>0.5</uiIconScale>
    <comps>
      <li Class="CompProperties_Flickable" />
      <li Class="CompProperties_Refuelable">
        <fuelConsumptionRate>0</fuelConsumptionRate>
        <fuelCapacity>100.0</fuelCapacity>
        <fuelFilter>
          <thingDefs>
            <li>Chemfuel</li>
          </thingDefs>
        </fuelFilter>
        <showAllowAutoRefuelToggle>true</showAllowAutoRefuelToggle>
      </li>
	  <li Class="VanillaVehiclesExpanded.CompProperties_RefuelingPump">
		<refuelAmountPerTick>1</refuelAmountPerTick>
	  </li>
      <li Class="CompProperties_Explosive">
        <explosiveRadius>0</explosiveRadius>
        <explosiveExpandPerFuel>0.05</explosiveExpandPerFuel>
        <explosiveDamageType>Flame</explosiveDamageType>
        <destroyThingOnExplosionSize>2</destroyThingOnExplosionSize>
        <startWickHitPointsPercent>0.333</startWickHitPointsPercent>
        <preExplosionSpawnThingDef>Filth_Fuel</preExplosionSpawnThingDef>
        <preExplosionSpawnChance>1</preExplosionSpawnChance>
        <wickTicks>70~150</wickTicks>
      </li>
    </comps>
    <placeWorkers>
      <li>PlaceWorker_PreventInteractionSpotOverlap</li>
    </placeWorkers>
  </ThingDef>

</Defs>