﻿<?xml version="1.0" encoding="utf-8" ?>
<Defs>

  <ThingDef ParentName="BuildingBase">
    <defName>VVE_TankTrap</defName>
    <label>tank trap</label>
    <description>A defensive fortification for stopping vehicles. Provides small amount of cover and can be walked through on foot, but is not traversable by vehicles.</description>
    
	<graphicData>
		<texPath>Things/Building/Security/TankTrap</texPath>
		<graphicClass>Graphic_Random</graphicClass>
		<drawSize>(2,2)</drawSize>
		<damageData>
			<cornerTL>Damage/Corner</cornerTL>
			<cornerTR>Damage/Corner</cornerTR>
			<cornerBL>Damage/Corner</cornerBL>
			<cornerBR>Damage/Corner</cornerBR>
		</damageData>
    </graphicData>
	
	<altitudeLayer>Building</altitudeLayer>
	<passability>PassThroughOnly</passability>
	<castEdgeShadows>false</castEdgeShadows>
	<fillPercent>0.15</fillPercent>
	<canOverlapZones>false</canOverlapZones>
	<pathCost>42</pathCost>
	
	<statBases>
		<MaxHitPoints>500</MaxHitPoints>
		<WorkToBuild>1800</WorkToBuild>
		<Mass>20</Mass>
		<Flammability>1</Flammability>
	</statBases>
	
    <size>(2,2)</size>
    <stuffCategories>
		<li>Metallic</li>
		<li>Woody</li>
    </stuffCategories>
	
	<costStuffCount>40</costStuffCount>
    <designationCategory>Security</designationCategory>
    <constructionSkillPrerequisite>4</constructionSkillPrerequisite>
	<terrainAffordanceNeeded>Medium</terrainAffordanceNeeded>
	
    <researchPrerequisites>
		<li>Smithing</li>
	</researchPrerequisites>
	
	<modExtensions>
		<li Class = "Vehicles.CustomCostDefModExtension">
			<cost>10000</cost>
		</li>
	</modExtensions>
  </ThingDef>
</Defs>
