<?xml version="1.0" encoding="utf-8" ?>
<Defs>
	<IssueDef>
		<defName>VVE_Sailing</defName>
		<label>Sailing</label>
		<iconPath>UI/Issues/VVE_Sailing</iconPath>
	</IssueDef>
	<PreceptDef>
		<defName>VVE_Sailing_Forbidden</defName>
		<issue>VVE_Sailing</issue>
		<label>forbidden</label>
		<description>The sacred waters must not be disrupted with our vessels.</description>
		<impact>High</impact>
		<displayOrderInIssue>50</displayOrderInIssue>
		<comps>
			<li Class="PreceptComp_UnwillingToDo">
				<eventDef>VF_BoardSeaVehicle</eventDef>
			</li>
		</comps>
	</PreceptDef>
	<PreceptDef>
		<defName>VVE_Sailing_Horrible</defName>
		<issue>VVE_Sailing</issue>
		<label>horrible</label>
		<description>We hold the waters sacred; to sail them feels deeply wrong to us.</description>
		<impact>Medium</impact>
		<displayOrderInIssue>40</displayOrderInIssue>
		<comps>
			<li Class="PreceptComp_SelfTookMemoryThought">
				<eventDef>VF_BoardedSeaVehicle</eventDef>
				<thought>VVE_Sailing_Horrible</thought>
				<description>Sailed in a sea vehicle</description>
			</li>
		</comps>
	</PreceptDef>
	<PreceptDef>
		<defName>VVE_Sailing_Allowed</defName>
		<issue>VVE_Sailing</issue>
		<label>allowed</label>
		<description>The oceans and rivers are pathways we are permitted to tread, so long as we respect their depths.</description>
		<impact>Low</impact>
		<displayOrderInIssue>35</displayOrderInIssue>
		<displayOrderInImpact>-100</displayOrderInImpact>
		<classic>true</classic>
		<defaultSelectionWeight>1</defaultSelectionWeight>
	</PreceptDef>
	<PreceptDef>
		<defName>VVE_Sailing_Approved</defName>
		<issue>VVE_Sailing</issue>
		<label>approved</label>
		<description>We hold that Sailing brings us collectively closer to the divine.</description>
		<impact>Low</impact>
		<displayOrderInIssue>30</displayOrderInIssue>
		<comps>
			<li Class="PreceptComp_SelfTookMemoryThought">
				<eventDef>VF_BoardedSeaVehicle</eventDef>
				<thought>VVE_Sailing_Approved</thought>
				<description>Sailed in a sea vehicle</description>
			</li>
		</comps>
	</PreceptDef>
	<PreceptDef>
		<defName>VVE_Sailing_Required</defName>
		<issue>VVE_Sailing</issue>
		<label>required</label>
		<description>Our souls are intertwined with the rhythms of the waters; we must sail to truly be alive.</description>
		<impact>High</impact>
		<displayOrderInIssue>20</displayOrderInIssue>
		<comps>
			<li Class="VanillaVehiclesExpanded.PreceptComp_SailingRequired">
				<eventDef>VF_BoardedSeaVehicle</eventDef>
				
			</li>
			<li Class="PreceptComp_SituationalThought">
				<thought>VVE_Sailing_Required</thought>
				<thoughtStageDescriptions>
					
					<li>Sirens' call (1 days without Sailing)</li>
					<li>Sirens' call (5 days without Sailing)</li>
					<li>Sirens' call (10 days without Sailing)</li>
					<li>Sirens' call (20 days without Sailing)</li>
			
				</thoughtStageDescriptions>
			</li>
		</comps>
	</PreceptDef>
	<ThoughtDef>
		<defName>VVE_Sailing_Horrible</defName>
		<durationDays>3</durationDays>
		<stages>
			<li>
				<label>sailed in a sea vessel</label>
				<description>I was in a sailing vehicle. It was horrible</description>
				<baseMoodEffect>-10</baseMoodEffect>
			</li>
		</stages>
	</ThoughtDef>
	<ThoughtDef>
		<defName>VVE_Sailing_Approved</defName>
		<durationDays>3</durationDays>
		<stages>
			<li>
				<label>sailed in a sea vessel</label>
				<description>I was in a sea vessel. I loved it.</description>
				<baseMoodEffect>3</baseMoodEffect>
			</li>
		</stages>
	</ThoughtDef>
	
		<ThoughtDef>
		<defName>VVE_Sailing_Required</defName>
		<validWhileDespawned>true</validWhileDespawned>
		<workerClass>VanillaVehiclesExpanded.ThoughtWorker_Sailing_Required</workerClass>
		<stages>
			<li>
				<label>sirens' call (more than 1 day)</label>
				<description>It has been a lil while since I've ridden the waves.</description>
				<baseMoodEffect>-1</baseMoodEffect>
			</li>
			<li>
				<label>sirens' call (more than 5 days)</label>
				<description>I need to sail, I'm getting very antsy.</description>
				<baseMoodEffect>-5</baseMoodEffect>
			</li>
			<li>
				<label>sirens' call (more than 10 days)</label>
				<description>Enough is enough, I'm feeling the call of the open seas! I want to sail!</description>
				<baseMoodEffect>-10</baseMoodEffect>
			</li>
			<li>
				<label>sirens' call (more than 20 days)</label>
				<description>I AM THE MASTER OF MY FATE! I AM THE CAPTAIN OF MY SOUL! I MUST SAIL THE SEAS!</description>
				<baseMoodEffect>-15</baseMoodEffect>
			</li>
			
			
			
			
		</stages>
	</ThoughtDef>
</Defs>
