<?xml version="1.0" encoding="utf-8" ?>

<Defs>
	<Vehicles.VehicleDef ParentName="BaseSeaVehicle">
		<defName>VVE_Trawler</defName>
		<label>Trawler</label>
		<description>A general-purpose boat, the Trawler is an effective long distance transportation across open waters. Performs rather poorly on rivers and has to travel slowly during the winter season.\n\nSimilar to other tier 2 vehicles, this has double fuel efficiency on the world map which makes them more efficient than tier 1 vehicles. They are also less visible due to improved manufacturing.\n\n&lt;color=#bb8f04&gt;Crew:&lt;/color&gt; Driver x1, Passenger x1\n&lt;color=#bb8f04&gt;Fuel type:&lt;/color&gt; Chemfuel</description>
		
		<graphicData>
			<texPath>Things/Vehicles/Tier2/Tier2_Boat/Tier2_Boat</texPath>
			<graphicClass>Vehicles.Graphic_Vehicle</graphicClass>
			<shaderType>CutoutComplexPattern</shaderType>
			<drawSize>(3, 6)</drawSize>
			<color>(75, 75, 75)</color>
		</graphicData>
		
		<fillPercent>0.7</fillPercent>
		
		<nameable>false</nameable>
		<buildDef>VVE_Trawler_Blueprint</buildDef>
		
		<size>(2, 5)</size>
		
		<vehicleMovementPermissions>DriverNeeded</vehicleMovementPermissions>
		<vehicleCategory>Transport</vehicleCategory>
		<techLevel>Industrial</techLevel>
		<vehicleType>Sea</vehicleType>
				
		<statBases>
			<ArmorRating_Blunt>0.36</ArmorRating_Blunt>
			<ArmorRating_Sharp>0.44</ArmorRating_Sharp>
			<ArmorRating_Heat>1.0</ArmorRating_Heat>
			<MarketValue>1900</MarketValue>
			<Flammability>1</Flammability>
		</statBases>
		
		<vehicleStats>
			<Mass>80</Mass>
			<MoveSpeed>4.6</MoveSpeed>
			<CargoCapacity>750</CargoCapacity>
			<RepairRate>1</RepairRate>
		</vehicleStats>
		
		<soundSustainersOnEvent>
			<li>
				<key>(IgnitionOn, IgnitionOff)</key>
				<value>VVE_VehicleEngineBoat</value>
			</li>
		</soundSustainersOnEvent>
		
		<soundOneShotsOnEvent Inherit = "False">
			<li>
				<key>PawnEntered</key>
				<value>VVE_VehicleEnter</value>
			</li>
			<li>
				<key>PawnExited</key>
				<value>VVE_VehicleEnter</value>
			</li>
			<li>
				<key>IgnitionOn</key>
				<value>VVE_VehicleStart</value>
			</li>
			<li>
				<key>IgnitionOff</key>
				<value>VVE_VehicleStart</value>
			</li>
		</soundOneShotsOnEvent>
		
		<race>
			<baseBodySize>3.25</baseBodySize>
		</race>
		
		<properties>
			<fishing>true</fishing>
			<winterSpeedMultiplier>5</winterSpeedMultiplier>
			
			<track Class = "Vehicles.VehicleTrack_Wake">
				<speed>1</speed>
			</track>
			
			<roles>
				<li>
					<key>driver</key>
					<label>Driver</label>
					<slots>1</slots>
					<slotsToOperate>1</slotsToOperate>
					
					<handlingTypes>
						<li>Movement</li>
					</handlingTypes>
					
					<hitbox>
						<cells>
							<li>(0, 1)</li>
							<li>(1, 1)</li>
						</cells>
					</hitbox>
				</li>
				<li>
					<key>passenger</key>
					<label>Passenger</label>
					<slots>1</slots>
					
					<hitbox>
						<cells>
							<li>(0, 1)</li>
							<li>(1, 1)</li>
						</cells>
					</hitbox>
				</li>
			</roles>
		</properties>
		
		<components>
			<li>
				<key>Engine</key>
				<label>Engine</label>
				<health>80</health>
				<priorityStatEfficiency>true</priorityStatEfficiency>
				<depth>Internal</depth>
				
				<reactors>
					<li Class = "Vehicles.Reactor_Explosive">
						<indicator>VF_Explosive</indicator>
						<chance>0.25</chance>
						<maxHealth>0.2</maxHealth>
						<radius>3</radius>
						<damageDef>Flame</damageDef>
					</li>
				</reactors>
				
				<categories>
					<li>MoveSpeed</li>
				</categories>
				
				<hitbox>
					<side>Back</side>
				</hitbox>
			</li>
			<li>
				<key>LeftSidePanel</key>
				<label>Left Side Panel</label>
				<health>160</health>
				<depth>External</depth>
				
				<hitbox>
					<side>Left</side>
				</hitbox>
			</li>
			<li>
				<key>RightSidePanel</key>
				<label>Right Side Panel</label>
				<health>160</health>
				<depth>External</depth>
				
				<hitbox>
					<side>Right</side>
				</hitbox>
			</li>
		</components>
		
		<modExtensions>
			<li Class="VanillaVehiclesExpanded.StatExtension">
				<statToAdd>
					<li>VVE_VehicleTier</li>
				</statToAdd>
				<statValues>
					<li>VVE_Tier2</li>
				</statValues>
				<statDescriptions>
					<li>VVE_Tier2Desc</li>
				</statDescriptions>
			</li>
		</modExtensions>
		
		<comps>
			<li Class="Vehicles.CompProperties_FueledTravel">
				<fuelType>Chemfuel</fuelType>
				<leakDef>Filth_Fuel</leakDef>
				<fuelConsumptionRate>14</fuelConsumptionRate>
				<fuelCapacity>150</fuelCapacity>
				<fuelConsumptionWorldMultiplier>0.5</fuelConsumptionWorldMultiplier>
			</li>
		</comps>
	</Vehicles.VehicleDef>
</Defs>