<?xml version="1.0" encoding="utf-8" ?>

<Defs>	
	<Vehicles.VehicleDef ParentName="VehiclePawn_Armored">
		<defName>VVE_Roadkill</defName>
		<label>Roadkill</label>
		<description>A basic medium tank, the Roadkill is a comparatively cheap armoured vehicle suited for short engagements. Very respectfully armoured from frontal attacks, however side attacks can disable movement and the exposed rear-mounted engine makes it vulnerable to flanking.\n\nWhile other tier 1 vehicles are gas guzzlers, this one burns through fuel at an alarming rate and is extremely slow to repair.\n\n&lt;color=#bb8f04&gt;Crew:&lt;/color&gt; Driver x1\n&lt;color=#bb8f04&gt;Fuel type:&lt;/color&gt; Chemfuel</description>
		
		<graphicData>
			<texPath>Things/Vehicles/Tier1/Tier1_Tank/Tier1_Tank</texPath>
			<graphicClass>Vehicles.Graphic_Vehicle</graphicClass>
			<shaderType>CutoutComplexPattern</shaderType>
			<drawSize>(4,4)</drawSize>
			<color>(72, 77, 72)</color>
			<colorTwo>(56, 55, 50)</colorTwo>
			<colorThree>(100, 69, 59)</colorThree>
		</graphicData>
		
		<fillPercent>1</fillPercent>
		
		<buildDef>VVE_Roadkill_Blueprint</buildDef>
		
		<size>(3,3)</size>
		
		<vehicleMovementPermissions>DriverNeeded</vehicleMovementPermissions>
		<vehicleCategory>Combat</vehicleCategory>
		<techLevel>Industrial</techLevel>
		<vehicleType>Land</vehicleType>
		
		<statBases>
			<ArmorRating_Blunt>0.32</ArmorRating_Blunt>
			<ArmorRating_Sharp>0.58</ArmorRating_Sharp>
			<ArmorRating_Heat>1.0</ArmorRating_Heat>
			<Flammability>0.5</Flammability>
			<MarketValue>2880</MarketValue>
		</statBases>
		
		<vehicleStats>
			<Mass>300</Mass>
			<MoveSpeed>6.6</MoveSpeed>
			<CargoCapacity>60</CargoCapacity>
			<RepairRate>0.2</RepairRate>
			<AccelerationRate>0.04</AccelerationRate>
		</vehicleStats>
		
		<soundSustainersOnEvent>
			<li>
				<key>(IgnitionOn, IgnitionOff)</key>
				<value>VVE_VehicleEngineHeavy</value>
			</li>
		</soundSustainersOnEvent>
		
		<race>
			<baseBodySize>3.5</baseBodySize>
		</race>
		
		<properties>
			<customRoadCosts AssignDefaults = "0.4"/>
			
			<vehicleJobLimitations>
				<li>(RepairVehicle, 3)</li>
			</vehicleJobLimitations>
			
			<roles>
				<li>
					<key>driver</key>
					<label>Driver</label>
					<slots>1</slots>
					<slotsToOperate>1</slotsToOperate>
					
					<handlingTypes>Movement, Turret</handlingTypes>
					
					<turretIds>
						<li>mainTurret</li>
					</turretIds>
					
					<hitbox>
						<cells>
							<li>(0, 1)</li>
						</cells>
					</hitbox>
				</li>
			</roles>
		</properties>
		
		<components>
			<li>
				<key>Engine</key>
				<label>Engine</label>
				<health>75</health>
				<priorityStatEfficiency>true</priorityStatEfficiency>
				<depth>External</depth>
				
				<reactors>
					<li Class = "Vehicles.Reactor_Explosive">
						<indicator>VF_Explosive</indicator>
						<chance>0.25</chance>
						<maxHealth>0.2</maxHealth>
						<radius>3</radius>
						<damageDef>Flame</damageDef>
						
						<drawOffsets>
							<north>(0, 0, -0.6)</north>
							<east>(-1.1, 0, 0.6)</east>
							<south>(0, 0, 1.15)</south>
						</drawOffsets>
					</li>
				</reactors>
				
				<hitbox>
					<cells>
						<li>(0, -1)</li>
					</cells>
				</hitbox>
				
				<categories>
					<li>MoveSpeed</li>
				</categories>
			</li>
			<li>
				<key>LeftTrack</key>
				<label>Left Track</label>
				<health>140</health>
				<depth>External</depth>
				
				<hitbox>
					<side>Left</side>
				</hitbox>
				
				<categories>
					<li>MoveSpeed</li>
				</categories>
			</li>
			<li>
				<key>RightTrack</key>
				<label>Right Track</label>
				<health>140</health>
				<depth>External</depth>
				
				<hitbox>
					<side>Right</side>
				</hitbox>
				
				<categories>
					<li>MoveSpeed</li>
				</categories>
			</li>
			<li>
				<key>FrontLeftDriveSprocket</key>
				<label>Front Left Drive Sprocket</label>
				<health>20</health>
				<depth>External</depth>
				
				<hitbox>
					<cells>
						<li>(-1, 1)</li>
					</cells>
				</hitbox>
				
				<categories>
					<li>MoveSpeed</li>
				</categories>
			</li>
			<li>
				<key>FrontRightDriveSprocket</key>
				<label>Front Right Drive Sprocket</label>
				<health>20</health>
				<depth>External</depth>
				
				<hitbox>
					<cells>
						<li>(1, 1)</li>
					</cells>
				</hitbox>
				
				<categories>
					<li>MoveSpeed</li>
				</categories>
			</li>
			<li>
				<key>BackLeftDriveSprocket</key>
				<label>Back Left Drive Sprocket</label>
				<health>20</health>
				<depth>External</depth>
				
				<hitbox>
					<cells>
						<li>(-1, -1)</li>
					</cells>
				</hitbox>
				
				<categories>
					<li>MoveSpeed</li>
				</categories>
			</li>
			<li>
				<key>BackRightDriveSprocket</key>
				<label>Back Right Drive Sprocket</label>
				<health>20</health>
				<depth>External</depth>
				
				<hitbox>
					<cells>
						<li>(1, -1)</li>
					</cells>
				</hitbox>
				
				<categories>
					<li>MoveSpeed</li>
				</categories>
			</li>
			<li>
				<key>Gearbox</key>
				<label>Gearbox</label>
				<health>45</health>
				<depth>Internal</depth>
				
				<hitbox>
					<cells>
						<li>(0, 1)</li>
					</cells>
				</hitbox>
				
				<categories>
					<li>MoveSpeed</li>
				</categories>
			</li>
			<li>
				<key>LeftArmorPlating</key>
				<label>Left Armor Plating</label>
				<health>100</health>
				<depth>External</depth>
				
				<armor>
					<ArmorRating_Blunt>0.44</ArmorRating_Blunt>
					<ArmorRating_Sharp>0.76</ArmorRating_Sharp>
				</armor>
				
				<hitbox>
					<side>Left</side>
				</hitbox>
			</li>
			<li>
				<key>RightArmorPlating</key>
				<label>Right Armor Plating</label>
				<health>100</health>
				<depth>External</depth>
				
				<armor>
					<ArmorRating_Blunt>0.44</ArmorRating_Blunt>
					<ArmorRating_Sharp>0.76</ArmorRating_Sharp>
				</armor>
				
				<hitbox>
					<side>Right</side>
				</hitbox>
			</li>
			<li>
				<key>FrontArmorPlating</key>
				<label>Front Armor Plating</label>
				<health>100</health>
				<depth>External</depth>
				
				<armor>
					<ArmorRating_Blunt>0.48</ArmorRating_Blunt>
					<ArmorRating_Sharp>0.80</ArmorRating_Sharp>
				</armor>
				
				<hitbox>
					<side>Front</side>
				</hitbox>
			</li>
			<li>
				<key>Chemtank</key>
				<label>Chemtank</label>
				<health>60</health>
				<depth>Internal</depth>
				
				<reactors>
					<li Class = "Vehicles.Reactor_FuelLeak"/>
					<li Class = "Vehicles.Reactor_Explosive">
						<indicator>VF_Explosive</indicator>
						<chance>0.25</chance>
						<maxHealth>0.2</maxHealth>
						<radius>3</radius>
						<damageDef>Flame</damageDef>
						<drawOffsets>
							<north>(0, 0, 1.2)</north>
							<east>(0.85, 0, 0.45)</east>
							<south>(0, 0, -0.5)</south>
						</drawOffsets>
					</li>
				</reactors>
				
				<hitbox>
					<cells>
						<li>(0, -1)</li>
					</cells>
				</hitbox>
			</li>
			<li>
				<key>Dashboard</key>
				<label>Dashboard</label>
				<health>45</health>
				<depth>Internal</depth>
			</li>
			<li>
				<key>SteeringApparatus</key>
				<label>Steering Apparatus</label>
				<health>20</health>
				<depth>Internal</depth>
			</li>
			<li>
				<key>Alternator</key>
				<label>Alternator</label>
				<health>20</health>
				<depth>Internal</depth>
			</li>
			<li>
				<key>Roof</key>
				<label>Roof</label>
				<health>100</health>
				<depth>External</depth>
				
				<armor>
					<ArmorRating_Blunt>0.44</ArmorRating_Blunt>
					<ArmorRating_Sharp>0.76</ArmorRating_Sharp>
				</armor>
			</li>
		</components>
		
		<modExtensions>
			<li Class="VanillaVehiclesExpanded.StatExtension">
				<statToAdd>
					<li>VVE_VehicleTier</li>
				</statToAdd>
				<statValues>
					<li>VVE_Tier1</li>
				</statValues>
				<statDescriptions>
					<li>VVE_Tier1Desc</li>
				</statDescriptions>
			</li>
		</modExtensions>
		
		<comps>
			<li Class="Vehicles.CompProperties_FueledTravel">
				<fuelType>Chemfuel</fuelType>
				<leakDef>Filth_Fuel</leakDef>
				<fuelConsumptionRate>28.5</fuelConsumptionRate>
				<fuelConsumptionWorldMultiplier>1.2</fuelConsumptionWorldMultiplier>
				<fuelCapacity>60</fuelCapacity>
			</li>
			<li Class="Vehicles.CompProperties_VehicleTurrets">
				<turrets>
					<li>
						<turretDef>Roadkill_MainTurret</turretDef>
						
						<renderProperties>
							<north>(0, 0.45)</north>
							<south>(0, 0.25)</south>
							<east>(0.05, 0.35)</east>
						</renderProperties>
						
						<gizmoLabel>Main Turret</gizmoLabel>
						
						<angleRestricted/>
						<aimPieOffset>(0, 1.5)</aimPieOffset>
						
						<key>mainTurret</key>
					</li>
				</turrets>
			</li>
		</comps>
	</Vehicles.VehicleDef>
</Defs>