<?xml version="1.0" encoding="utf-8" ?>

<Defs>
	<Vehicles.VehicleBuildDef ParentName="VehicleBaseBuildable">
		<defName>VVE_Roadkill_Blueprint</defName>
		<label>Roadkill</label>
		<description>A basic medium tank, the Roadkill is a comparatively cheap armoured vehicle suited for short engagements. Very respectfully armoured from frontal attacks, however side attacks can disable movement and the exposed rear-mounted engine makes it vulnerable to flanking.\n\nWhile other tier 1 vehicles are gas guzzlers, this one burns through fuel at an alarming rate and is extremely slow to repair.\n\n&lt;color=#bb8f04&gt;Crew:&lt;/color&gt; Driver x1\n&lt;color=#bb8f04&gt;Fuel type:&lt;/color&gt; Chemfuel</description>
		<designationCategory>VF_Vehicles</designationCategory>
		
		<graphicData>
			<texPath>Things/Vehicles/Tier1/Tier1_Tank/Tier1_Tank</texPath>
			<graphicClass>Graphic_Multi</graphicClass>
			<drawSize>(4,4)</drawSize>
		</graphicData>
		
		<statBases>
			<MaxHitPoints>500</MaxHitPoints>
			<WorkToBuild>10000</WorkToBuild>
			<Flammability>0.05</Flammability>
		</statBases>
		
		<size>(3,3)</size>
		
		<researchPrerequisites>
			<li>VVE_BasicVehicles</li>
		</researchPrerequisites>
		
		<costList>
			<VVE_EngineBlock>1</VVE_EngineBlock>
			<VVE_CarAlternator>2</VVE_CarAlternator>
			<VVE_CarExhaust>4</VVE_CarExhaust>
			<VVE_CarSuspension>8</VVE_CarSuspension>
			<VVE_CarWheel>10</VVE_CarWheel>
			<Plasteel>320</Plasteel>
			<ComponentIndustrial>45</ComponentIndustrial>
			<ElectronicComponents>15</ElectronicComponents>
		</costList>
		
		<soundImpactDefault>BulletImpact_Metal</soundImpactDefault>
		
		<thingToSpawn>VVE_Roadkill</thingToSpawn>
		
		<constructionSkillPrerequisite>6</constructionSkillPrerequisite>
	</Vehicles.VehicleBuildDef>
</Defs>
