<?xml version="1.0" encoding="utf-8" ?>
<Patch>
	<Operation Class="PatchOperationFindMod">
		<mods>
			<li>Vanilla Ideology Expanded - Memes and Structures</li>
		</mods>

		<match Class="PatchOperationSequence">
			<operations>



		

				<li Class="PatchOperationAdd"> 
					<xpath>/Defs/MemeDef[defName="VME_CityBuilders"]/exclusionTags</xpath>
					<value>
						<li>VME_CityBuildersVsTravelers</li>
					</value>
				</li>

				



			</operations>
		</match>
	</Operation>


</Patch>

