<?xml version="1.0" encoding="utf-8" ?>
<Patch>
	<Operation Class="PatchOperationConditional">
		<success>Always</success>
		<xpath>/Defs/Vehicles.VehicleStatDef[defName = "MoveSpeed"]/parts</xpath>
		<nomatch Class="PatchOperationAdd">
			<xpath>/Defs/Vehicles.VehicleStatDef[defName = "MoveSpeed"]</xpath>
			<value>
				<parts>
					<li Class="VanillaVehiclesExpanded.StatPart_MaxSpeed_Increased"/>
					
				</parts>
			</value>
		</nomatch>
		<match Class="PatchOperationAdd">
			<xpath>/Defs/Vehicles.VehicleStatDef[defName = "MoveSpeed"]/parts</xpath>
			<value>
				<li Class="VanillaVehiclesExpanded.StatPart_MaxSpeed_Increased"/>
			
			</value>
		</match>
	</Operation>
</Patch>