<?xml version="1.0" encoding="utf-8" ?>
<Patch>

<Operation Class="PatchOperationConditional">
		<success>Always</success>
		<xpath>/Defs/ThoughtDef[defName = "NeedRoomSize"]/nullifyingPrecepts</xpath>
		<nomatch Class="PatchOperationAdd">
			<xpath>/Defs/ThoughtDef[defName = "NeedRoomSize"]</xpath>
			<value>
				<nullifyingPrecepts>
					<li>VVE_SmallSpaces_Horrible</li>
				</nullifyingPrecepts>
			</value>
		</nomatch>
		<match Class="PatchOperationAdd">
			<xpath>/Defs/ThoughtDef[defName = "NeedRoomSize"]/nullifyingPrecepts</xpath>
			<value>
				<li>VVE_SmallSpaces_Horrible</li>
			</value>
		</match>
	</Operation>



</Patch>