<?xml version="1.0" encoding="utf-8" ?>

<Defs>
	<Vehicles.VehicleBuildDef ParentName="VehicleBaseBuildable">
		<defName>VVE_Highwayman_Blueprint</defName>
		<label>Highwayman</label>
		<description>A basic infantry fighting vehicle, the Highwayman is the cheapest weaponized option for transporting three people. Hardened against small-arms fire but very vulnerable at the rear, intended to provide mobile fire support for infantry and travel quickly along paved roads.\n\nSimilar to other tier 1 vehicles, this is a gas guzzler and best used for medium distances, however it’s also less fuel efficient on the world map.\n\n&lt;color=#bb8f04&gt;Crew:&lt;/color&gt; Driver x1, Gunner x1, Passenger x1\n&lt;color=#bb8f04&gt;Fuel type:&lt;/color&gt; Chemfuel</description>
		<designationCategory>VF_Vehicles</designationCategory>
		
		<graphicData>
			<texPath>Things/Vehicles/Tier1/Tier1_APC/Tier1_APC</texPath>
			<graphicClass>Graphic_Multi</graphicClass>
			<drawSize>(3, 5)</drawSize>
		</graphicData>
		
		<statBases>
			<MaxHitPoints>500</MaxHitPoints>
			<WorkToBuild>10000</WorkToBuild>
			<Flammability>0.05</Flammability>
		</statBases>
		
		<size>(2,4)</size>
		
		<researchPrerequisites>
			<li>VVE_BasicVehicles</li>
		</researchPrerequisites>
		
		<costList>
			<VVE_EngineBlock>1</VVE_EngineBlock>
			<VVE_CarAlternator>1</VVE_CarAlternator>
			<VVE_CarExhaust>4</VVE_CarExhaust>
			<VVE_CarSuspension>8</VVE_CarSuspension>
			<VVE_CarWheel>4</VVE_CarWheel>
			<Plasteel>280</Plasteel>
			<ComponentIndustrial>25</ComponentIndustrial>
			<ElectronicComponents>6</ElectronicComponents>
		</costList>
		
		<soundImpactDefault>BulletImpact_Metal</soundImpactDefault>
		
		<thingToSpawn>VVE_Highwayman</thingToSpawn>
		
		<constructionSkillPrerequisite>6</constructionSkillPrerequisite>
	</Vehicles.VehicleBuildDef>
</Defs>
