<?xml version="1.0" encoding="utf-8" ?>

<Defs>
	<Vehicles.VehicleBuildDef ParentName="VehicleBaseBuildable">
		<defName>VVE_Traveller_Blueprint</defName>
		<label>Traveller</label>
		<description>A basic road vehicle suited for flat terrain, the Traveller is a relatively cheap and fast option that still performs quite amicably in cold weather and snowy conditions. The light armour and exposed front-mounted engine leans to its cadence of running away from trouble rather than towards it.\n\nSimilar to other tier 1 vehicles, this is a gas guzzler and best used for medium distances. The extra speed and acceleration make it even less fuel-efficient as well as more time-consuming to repair.\n\n&lt;color=#bb8f04&gt;Crew:&lt;/color&gt; Driver x1, Passenger x1\n&lt;color=#bb8f04&gt;Fuel type:&lt;/color&gt; Chemfuel</description>
		<designationCategory>VF_Vehicles</designationCategory>
		<graphicData>
			<texPath>Things/Vehicles/Tier1/Tier1_Traveller/Tier1_Traveller</texPath>
			<graphicClass>Graphic_Multi</graphicClass>
			<drawSize>(3,5)</drawSize>
		</graphicData>
		
		<statBases>
			<MaxHitPoints>500</MaxHitPoints>
			<WorkToBuild>7500</WorkToBuild>
			<Flammability>0.05</Flammability>
		</statBases>
		
		<size>(2,4)</size>
		
		<researchPrerequisites>
			<li>VVE_BasicVehicles</li>
		</researchPrerequisites>
		
		<costList>
			<VVE_EngineBlock>1</VVE_EngineBlock>
			<VVE_CarAlternator>1</VVE_CarAlternator>
			<VVE_CarExhaust>2</VVE_CarExhaust>
			<VVE_CarSuspension>4</VVE_CarSuspension>
			<VVE_CarWheel>4</VVE_CarWheel>
			<Plasteel>200</Plasteel>
			<ComponentIndustrial>15</ComponentIndustrial>
			<ElectronicComponents>8</ElectronicComponents>
		</costList>
		
		<soundImpactDefault>BulletImpact_Metal</soundImpactDefault>
		
		<thingToSpawn>VVE_Traveller</thingToSpawn>
		
		<constructionSkillPrerequisite>6</constructionSkillPrerequisite>
	</Vehicles.VehicleBuildDef>
</Defs>
