<?xml version="1.0" encoding="utf-8" ?>
<Defs>
  
  <ResearchProjectDef>
    <defName>VVE_BasicVehicles</defName>
    <label>basic vehicles</label>
    <description>Learn to construct basic, inefficient vehicles, from prowler buggy to roadkill single-person tanks.</description>
    <baseCost>1000</baseCost>
    <techLevel>Industrial</techLevel>
	<prerequisites>
      <li>BiofuelRefining</li>
    </prerequisites>
    <researchViewX>0.00</researchViewX>
    <researchViewY>1.00</researchViewY>
	<tab>Vehicles</tab>
  </ResearchProjectDef>
  
  <ResearchProjectDef>
    <defName>VVE_ComplexVehicles</defName>
    <label>complex vehicles</label>
    <description>Learn to construct complex vehicles, such as wagons, roadrunners and snatchers, using the components you can easily fabricate.</description>
    <baseCost>1500</baseCost>
    <techLevel>Industrial</techLevel>
	<prerequisites>
      <li>VVE_BasicVehicles</li>
	  <li>Fabrication</li>
	  <li>Oil_Industry_C5</li>
    </prerequisites>
    <researchViewX>1.00</researchViewX>
    <researchViewY>1.00</researchViewY>
	<tab>Vehicles</tab>
  </ResearchProjectDef>
  
  <ResearchProjectDef>
    <defName>VVE_AerialVehicles</defName>
    <label>aerial vehicles</label>
    <description>Learn to construct vehicles capable of travelling above the ground, such as a mosquito helicopter and a smuggler cargo airplane.</description>
    <baseCost>1500</baseCost>
    <techLevel>Industrial</techLevel>
	<prerequisites>
      <li>VVE_BasicVehicles</li>
	  <li>Fabrication</li>
	  <li>Oil_Industry_C5</li>
    </prerequisites>
    <researchViewX>2.00</researchViewX>
    <researchViewY>1.00</researchViewY>
	<tab>Vehicles</tab>
  </ResearchProjectDef>
  
  <ResearchProjectDef>
    <defName>VVE_CombatVehicles</defName>
    <label>combat vehicles</label>
    <description>Learn to construct complex combat vehicles, such as bulldog battle tanks, tango armored personnel carriers and warbird combat airplanes.</description>
    <baseCost>1500</baseCost>
    <techLevel>Industrial</techLevel>
	<prerequisites>
      <li>VVE_BasicVehicles</li>
	  <li>Fabrication</li>
	  <li>Oil_Industry_C5</li>
    </prerequisites>
    <researchViewX>3.00</researchViewX>
    <researchViewY>1.00</researchViewY>
	<tab>Vehicles</tab>
  </ResearchProjectDef>

</Defs>