<?xml version="1.0" encoding="utf-8" ?>

<Defs>	
	<Vehicles.VehicleDef ParentName="VehiclePawn_Mechanical">
		<defName>VVE_Prowler</defName>
		<label>Prowler</label>
		<description>A basic off-road exploration vehicle, the Prowler is relatively cheap to construct and is an effective all-weather option for efficient travel over steep terrain. Very lightly armoured with a vulnerable rear-mounted engine, it’s best to keep this single-user automobile away from combat.\n\nSimilar to other tier 1 vehicles, this is a gas guzzler and best used for medium distances.\n\n&lt;color=#bb8f04&gt;Crew:&lt;/color&gt; Driver x1\n&lt;color=#bb8f04&gt;Fuel type:&lt;/color&gt; Chemfuel</description>
		
		<graphicData>
			<texPath>Things/Vehicles/Tier1/Tier1_Explorer/Tier1_Explorer</texPath>
			<graphicClass>Vehicles.Graphic_Vehicle</graphicClass>
			<shaderType>CutoutComplexPattern</shaderType>
			<drawSize>(3,4)</drawSize>
			<color>(125, 135, 150)</color>
			<colorTwo>(55, 100, 110)</colorTwo>
			<colorThree>(95, 110, 130)</colorThree>
		</graphicData>
		
		<fillPercent>0.8</fillPercent>
		
		<buildDef>VVE_Prowler_Blueprint</buildDef>
		
		<size>(2,3)</size>
		
		<vehicleMovementPermissions>DriverNeeded</vehicleMovementPermissions>
		<vehicleCategory>Transport</vehicleCategory>
		<techLevel>Industrial</techLevel>
		<vehicleType>Land</vehicleType>
		
		<statBases>
			<ArmorRating_Blunt>0.22</ArmorRating_Blunt>
			<ArmorRating_Sharp>0.44</ArmorRating_Sharp>
			<ArmorRating_Heat>1.0</ArmorRating_Heat>
			<Flammability>0.5</Flammability>
			<MarketValue>1490</MarketValue>
		</statBases>
		
		<vehicleStats>
			<Mass>100</Mass>
			<MoveSpeed>11</MoveSpeed>
			<CargoCapacity>220</CargoCapacity>
			<RepairRate>1</RepairRate>
			<AccelerationRate>0.05</AccelerationRate>
		</vehicleStats>
		
		<soundSustainersOnEvent>
			<li>
				<key>(IgnitionOn, IgnitionOff)</key>
				<value>VVE_VehicleEngineBuggy</value>
			</li>
		</soundSustainersOnEvent>
		
		<race>
			<baseBodySize>2.5</baseBodySize>
		</race>
		
		<properties>
			<customHillinessCosts>
				<SmallHills>0.25</SmallHills>
				<LargeHills>0.75</LargeHills>
				<Mountainous>1.5</Mountainous>
			</customHillinessCosts>
			
			<roles>
				<li>
					<key>driver</key>
					<label>Driver</label>
					<slots>1</slots>
					<slotsToOperate>1</slotsToOperate>
					
					<hitbox>
						<cells>
							<li>(0, 0)</li>
							<li>(1, 0)</li>
						</cells>
					</hitbox>
					
					<handlingTypes>
						<li>Movement</li>
					</handlingTypes>
				</li>
			</roles>
		</properties>
		
		<components>
			<li>
				<key>Engine</key>
				<label>Engine</label>
				<health>50</health>
				<priorityStatEfficiency>true</priorityStatEfficiency>
				<depth>External</depth>
				
				<reactors>
					<li Class = "Vehicles.Reactor_Explosive">
						<indicator>VF_Explosive</indicator>
						<chance>0.25</chance>
						<maxHealth>0.2</maxHealth>
						<radius>3</radius>
						<damageDef>Flame</damageDef>
					</li>
				</reactors>
				
				<hitbox>
					<cells>
						<li>(0, -1)</li>
						<li>(1, -1)</li>
					</cells>
				</hitbox>
				
				<categories>
					<li>MoveSpeed</li>
				</categories>
			</li>
			<li>
				<key>FrontLeftWheel</key>
				<label>Front Left Wheel</label>
				<health>30</health>
				<depth>External</depth>
				
				<armor>
					<ArmorRating_Blunt>0</ArmorRating_Blunt>
					<ArmorRating_Sharp>0</ArmorRating_Sharp>
				</armor>
				
				<tags>
					<li>Wheel</li>
				</tags>
				
				<hitbox>
					<fallthrough>false</fallthrough>
					<cells>
						<li>(0, 1)</li>
					</cells>
				</hitbox>
				
				<categories>
					<li>MoveSpeed</li>
				</categories>
			</li>
			<li>
				<key>FrontRightWheel</key>
				<label>Front Right Wheel</label>
				<health>30</health>
				<depth>External</depth>
				
				<armor>
					<ArmorRating_Blunt>0</ArmorRating_Blunt>
					<ArmorRating_Sharp>0</ArmorRating_Sharp>
				</armor>
				
				<tags>
					<li>Wheel</li>
				</tags>
				
				<hitbox>
					<fallthrough>false</fallthrough>
					<cells>
						<li>(1, 1)</li>
					</cells>
				</hitbox>
				
				<categories>
					<li>MoveSpeed</li>
				</categories>
			</li>
			<li>
				<key>BackLeftWheel</key>
				<label>Back Left Wheel</label>
				<health>30</health>
				<depth>External</depth>
				
				<armor>
					<ArmorRating_Blunt>0</ArmorRating_Blunt>
					<ArmorRating_Sharp>0</ArmorRating_Sharp>
				</armor>
				
				<tags>
					<li>Wheel</li>
				</tags>
				
				<hitbox>
					<fallthrough>false</fallthrough>
					<cells>
						<li>(0, -1)</li>
					</cells>
				</hitbox>
				
				<categories>
					<li>MoveSpeed</li>
				</categories>
			</li>
			<li>
				<key>BackRightWheel</key>
				<label>Back Right Wheel</label>
				<health>30</health>
				<depth>External</depth>
				
				<armor>
					<ArmorRating_Blunt>0</ArmorRating_Blunt>
					<ArmorRating_Sharp>0</ArmorRating_Sharp>
				</armor>
				
				<tags>
					<li>Wheel</li>
				</tags>
				
				<hitbox>
					<fallthrough>false</fallthrough>
					<cells>
						<li>(1, -1)</li>
					</cells>
				</hitbox>
				
				<categories>
					<li>MoveSpeed</li>
				</categories>
			</li>
			<li>
				<key>FrontLeftSuspension</key>
				<label>Front Left Suspension</label>
				<health>20</health>
				<depth>External</depth>
				
				<hitbox>
					<cells>
						<li>(0, 1)</li>
					</cells>
				</hitbox>
				
				<categories>
					<li>MoveSpeed</li>
				</categories>
			</li>
			<li>
				<key>FrontRightSuspension</key>
				<label>Front Right Suspension</label>
				<health>20</health>
				<depth>External</depth>
				
				<hitbox>
					<cells>
						<li>(1, 1)</li>
					</cells>
				</hitbox>
				
				<categories>
					<li>MoveSpeed</li>
				</categories>
			</li>
			<li>
				<key>BackLeftSuspension</key>
				<label>Back Left Suspension</label>
				<health>20</health>
				<depth>External</depth>
				
				<hitbox>
					<cells>
						<li>(0, -1)</li>
					</cells>
				</hitbox>
				
				<categories>
					<li>MoveSpeed</li>
				</categories>
			</li>
			<li>
				<key>BackRightSuspension</key>
				<label>Back Right Suspension</label>
				<health>20</health>
				<depth>External</depth>
				
				<hitbox>
					<cells>
						<li>(1, -1)</li>
					</cells>
				</hitbox>
				
				<categories>
					<li>MoveSpeed</li>
				</categories>
			</li>
			<li>
				<key>Gearbox</key>
				<label>Gearbox</label>
				<health>45</health>
				<depth>External</depth>
				
				<hitbox>
					<cells>
						<li>(0, 1)</li>
						<li>(1, 1)</li>
					</cells>
				</hitbox>
				
				<categories>
					<li>MoveSpeed</li>
				</categories>
			</li>
			<li>
				<key>LeftSidePanel</key>
				<label>Left Side Panel</label>
				<health>30</health>
				<depth>External</depth>
				
				<hitbox>
					<side>Left</side>
				</hitbox>
			</li>
			<li>
				<key>RightSidePanel</key>
				<label>Right Side Panel</label>
				<health>30</health>
				<depth>External</depth>
				
				<hitbox>
					<side>Right</side>
				</hitbox>
			</li>
			<li>
				<key>Chemtank</key>
				<label>Chemtank</label>
				<health>30</health>
				<depth>External</depth>
				
				<reactors>
					<li Class = "Vehicles.Reactor_FuelLeak"/>
					<li Class = "Vehicles.Reactor_Explosive">
						<indicator>VF_Explosive</indicator>
						<chance>0.25</chance>
						<maxHealth>0.2</maxHealth>
						<radius>3</radius>
						<damageDef>Flame</damageDef>
					</li>
				</reactors>
				
				<hitbox>
					<cells>
						<li>(0, -1)</li>
						<li>(1, -1)</li>
					</cells>
				</hitbox>
			</li>
			<li>
				<key>FrontBumper</key>
				<label>Front Bumper</label>
				<health>20</health>
				<depth>External</depth>
				
				<hitbox>
					<side>Front</side>
				</hitbox>
			</li>
			<li>
				<key>RearBumper</key>
				<label>Rear Bumper</label>
				<health>20</health>
				<depth>External</depth>
				
				<hitbox>
					<side>Back</side>
				</hitbox>
			</li>
			<li>
				<key>Upholstery</key>
				<label>Upholstery</label>
				<health>30</health>
				<depth>Internal</depth>
			</li>
			<li>
				<key>Dashboard</key>
				<label>Dashboard</label>
				<health>30</health>
				<depth>Internal</depth>
			</li>
			<li>
				<key>SteeringWheel</key>
				<label>Steering Wheel</label>
				<health>20</health>
				<depth>Internal</depth>
			</li>
			<li>
				<key>Alternator</key>
				<label>Alternator</label>
				<health>20</health>
				<depth>Internal</depth>
			</li>
			<li>
				<key>Hood</key>
				<label>Hood</label>
				<health>30</health>
				<depth>External</depth>
			</li>
			<li>
				<key>Roof</key>
				<label>Roof</label>
				<health>30</health>
				<depth>External</depth>
			</li>
		</components>
		
		<modExtensions>
			<li Class="VanillaVehiclesExpanded.StatExtension">
				<statToAdd>
					<li>VVE_VehicleTier</li>
				</statToAdd>
				<statValues>
					<li>VVE_Tier1</li>
				</statValues>
				<statDescriptions>
					<li>VVE_Tier1Desc</li>
				</statDescriptions>
			</li>
		</modExtensions>
		
		<comps>
			<li Class="Vehicles.CompProperties_FueledTravel">
				<fuelType>Chemfuel</fuelType>
				<leakDef>Filth_Fuel</leakDef>
				<fuelConsumptionRate>18.5</fuelConsumptionRate>
				<fuelCapacity>60</fuelCapacity>
			</li>
		</comps>
	</Vehicles.VehicleDef>
</Defs>