<?xml version="1.0" encoding="utf-8" ?>

<Defs>
	<Vehicles.VehicleBuildDef ParentName="VehicleBaseBuildable">
		<defName>VVE_Prowler_Blueprint</defName>
		<label>Prowler</label>
		<description>A basic off-road exploration vehicle, the Prowler is relatively cheap to construct and is an effective all-weather option for efficient travel over steep terrain. Very lightly armoured with a vulnerable rear-mounted engine, it’s best to keep this single-user automobile away from combat.\n\nSimilar to other tier 1 vehicles, this is a gas guzzler and best used for medium distances.\n\n&lt;color=#bb8f04&gt;Crew:&lt;/color&gt; Driver x1\n&lt;color=#bb8f04&gt;Fuel type:&lt;/color&gt; Chemfuel</description>
		<designationCategory>VF_Vehicles</designationCategory>
		<graphicData>
			<texPath>Things/Vehicles/Tier1/Tier1_Explorer/Tier1_Explorer</texPath>
			<graphicClass>Graphic_Multi</graphicClass>
			<drawSize>(3,4)</drawSize>
		</graphicData>
		
		<statBases>
			<MaxHitPoints>500</MaxHitPoints>
			<WorkToBuild>5500</WorkToBuild>
			<Flammability>0.05</Flammability>
		</statBases>
		
		<size>(2,3)</size>
		
		<researchPrerequisites>
			<li>VVE_BasicVehicles</li>
		</researchPrerequisites>
		
		<costList>
			<VVE_EngineBlock>1</VVE_EngineBlock>
			<VVE_CarAlternator>1</VVE_CarAlternator>
			<VVE_CarExhaust>2</VVE_CarExhaust>
			<VVE_CarSuspension>4</VVE_CarSuspension>
			<VVE_CarWheel>4</VVE_CarWheel>
			<Plasteel>120</Plasteel>
			<ComponentIndustrial>12</ComponentIndustrial>
			<ElectronicComponents>5</ElectronicComponents>
		</costList>
		
		<soundImpactDefault>BulletImpact_Metal</soundImpactDefault>
		
		<thingToSpawn>VVE_Prowler</thingToSpawn>
		
		<constructionSkillPrerequisite>6</constructionSkillPrerequisite>
	</Vehicles.VehicleBuildDef>
</Defs>
