<?xml version="1.0" encoding="utf-8"?>
<ModMetaData>
    <name>Vanilla Vehicles Expanded</name>
    <author>Oskar Potocki, xrushha, Smash Phil, Taranchuk, Reann Shepard, Sarg</author>
    <url></url>
    <description>Vanilla Vehicles Expanded is a long awaited mod utilising Smash Phil’s Vehicles framework. The main purpose of the mod is to add realistic and engaging mechanics surrounding vehicles of all kinds into the game. Not just the cars, but boats and airplanes too, this mod comes packed full of content and new production chains to allow players to dive deep into the vehicle production.
	
Vehicles come separated into many different categories and tiers, contributing to the overall progression. You won’t simply be making a car and driving it around - you will keep checking out other vehicles and options this mod brings to the table. Every car, boat and aircraft will have a particular purpose and thanks to the tier system, it will be easy to understand the differences between various vehicles.

This mod utilises the paint job system added in Vehicles framework, allowing you to fully customize the pattern and colors of each of your vehicles. Whether you want a camouflaged armored division, or a pink bomber wing, this mod has it all. This mod is a fan adaptation of VEE for HSK. All rights belong to the authors of the mod.</description>
    <packageId>OskarPotocki.VanillaVehiclesExpanded</packageId>
	<modIconPath IgnoreIfNoMatchingField="True">UI/VELogo</modIconPath>
    <supportedVersions>
		<li>1.4</li>
		<li>1.5</li>
    </supportedVersions>
    <modDependencies>
		<li>
			<packageId>brrainz.harmony</packageId>
			<displayName>Harmony</displayName>
			<downloadUrl>https://github.com/pardeike/HarmonyRimWorld/releases/latest</downloadUrl>
			<steamWorkshopUrl>https://steamcommunity.com/workshop/filedetails/?id=2009463077</steamWorkshopUrl>
		</li>
		<li>
			<packageId>SmashPhil.VehicleFramework</packageId>
			<displayName>Vehicle Framework</displayName>
			<downloadUrl>https://github.com/SmashPhil/Vehicles/releases/latest</downloadUrl>
			<steamWorkshopUrl/>
		</li>
		<li>
			<packageId>OskarPotocki.VanillaFactionsExpanded.Core</packageId>
			<displayName>Vanilla Expanded Framework</displayName>
			<steamWorkshopUrl>https://steamcommunity.com/workshop/filedetails/?id=2023507013</steamWorkshopUrl>
			<downloadUrl>https://github.com/Vanilla-Expanded/VanillaExpandedFramework</downloadUrl>
		</li>
	</modDependencies>
	<loadAfter>
		<li>Ludeon.RimWorld</li>
		<li>Ludeon.RimWorld.Royalty</li>
		<li>brrainz.harmony</li>
		<li>SmashPhil.VehicleFramework</li>
		<li>OskarPotocki.VanillaFactionsExpanded.Core</li>
	</loadAfter>
</ModMetaData>