<?xml version="1.0" encoding="utf-8" ?>

<Defs>
	<Vehicles.VehicleBuildDef ParentName="VehicleBaseBuildable">
		<defName>VVE_Frog_Blueprint</defName>
		<label>Frog</label>
		<description>A basic reusable transport pod, the Frog is a relatively cheap vehicle that is the first option when it comes to flying without crashing into the ground. Several times faster than conventional transport pods with acceptable armour for its single passenger, making it an ideal ambush vehicle.\n\nEven worse than other tier 1 vehicles, fuel efficiency isn’t a thing with this transportation. Care must be taken to either refuel at the landing site or travel with enough spare fuel to make the trip back.\n\nBeing a flying vehicle, it is extremely obvious when on the move.\n\n&lt;color=#bb8f04&gt;Crew:&lt;/color&gt; Driver x1\n&lt;color=#bb8f04&gt;Fuel type:&lt;/color&gt; Chemfuel</description>
		
		<graphicData>
			<texPath>Things/Vehicles/Tier1/Tier1_Droppod/Tier1_Droppod</texPath>
			<graphicClass>Graphic_Single</graphicClass>
			<drawSize>(3,3)</drawSize>
			<drawRotated>false</drawRotated>
		</graphicData>
		
		<rotatable>false</rotatable>

		<statBases>
			<MaxHitPoints>500</MaxHitPoints>
			<WorkToBuild>9000</WorkToBuild>
			<Flammability>0.5</Flammability>
		</statBases>
		
		<size>(1,1)</size>
		
		<researchPrerequisites>
			<li>VVE_BasicVehicles</li>
		</researchPrerequisites>
		
		<costList>
			<VVE_EngineBlock>1</VVE_EngineBlock>
			<VVE_CarAlternator>1</VVE_CarAlternator>
			<VVE_CarExhaust>9</VVE_CarExhaust>
			<VVE_CarSuspension>3</VVE_CarSuspension>
			<Plasteel>30</Plasteel>
			<ComponentIndustrial>8</ComponentIndustrial>
			<ElectronicComponents>3</ElectronicComponents>
		</costList>
		
		<soundImpactDefault>BulletImpact_Metal</soundImpactDefault>
		<thingToSpawn>VVE_Frog</thingToSpawn>
		
		<constructionSkillPrerequisite>6</constructionSkillPrerequisite>
	</Vehicles.VehicleBuildDef>
</Defs>
