<?xml version="1.0" encoding="utf-8" ?>

<Defs>
	<Vehicles.VehicleBuildDef ParentName="VehicleBaseBuildable">
		<defName>VVE_Dirtbike_Blueprint</defName>
		<label>Dirtbike</label>
		<description>A basic off-road motorcycle, the Dirtbike is a very cheap vehicle that allows a single user to travel quickly, efficiently and quietly. Incredibly light and practically paper-thin on armour, it performs poorly in the winter or in the snow, or both, and has absolutely no cargo capacity.\n\nSimilar to other tier 1 vehicles, this is a gas guzzler and best used for medium distances.\n\n&lt;color=#bb8f04&gt;Crew:&lt;/color&gt; Driver x1\n&lt;color=#bb8f04&gt;Fuel type:&lt;/color&gt; Chemfuel</description>
		<designationCategory>VF_Vehicles</designationCategory>
		
		<graphicData>
			<texPath>Things/Vehicles/Tier1/Tier1_Motorbike/Tier1_Motorbike</texPath>
			<graphicClass>Graphic_Multi</graphicClass>
			<drawSize>(2,2)</drawSize>
			<!-- <drawOffset>(0, 0, 1)</drawOffset> -->
		</graphicData>
		
		<statBases>
			<MaxHitPoints>100</MaxHitPoints>
			<WorkToBuild>3500</WorkToBuild>
			<Flammability>0.05</Flammability>
		</statBases>
		
		<size>(1,1)</size>
		
		<researchPrerequisites>
			<li>VVE_BasicVehicles</li>
		</researchPrerequisites>
		
		<costList>
			<VVE_EngineBlock>1</VVE_EngineBlock>
			<VVE_CarAlternator>1</VVE_CarAlternator>
			<VVE_CarExhaust>1</VVE_CarExhaust>
			<VVE_CarSuspension>2</VVE_CarSuspension>
			<VVE_CarWheel>2</VVE_CarWheel>
			<Plasteel>40</Plasteel>
			<ComponentIndustrial>10</ComponentIndustrial>
			<ElectronicComponents>3</ElectronicComponents>
		</costList>
		
		<soundImpactDefault>BulletImpact_Metal</soundImpactDefault>
		<thingToSpawn>VVE_Dirtbike</thingToSpawn>
		
		<constructionSkillPrerequisite>6</constructionSkillPrerequisite>
	</Vehicles.VehicleBuildDef>
</Defs>
