<?xml version="1.0" encoding="utf-8" ?>

<Defs>	
	<Vehicles.VehicleDef ParentName="VehiclePawn_Mechanical">
		<defName>VVE_BangBus</defName>
		<label>Bang Bus</label>
		<description>A basic passenger transport, the Bangbus is a relatively cheap piece of machinery to construct to transport people across roads of flat terrain. Not recommended to use in the winter season or in snowy terrain, or both, as the light plates of armour that protect the passengers similarly negatively affects its acceleration.\n\nSimilar to other tier 1 vehicles, this is a gas guzzler and best used for medium distances.\n\n&lt;color=#bb8f04&gt;Crew:&lt;/color&gt; Driver x1, Passenger x5\n&lt;color=#bb8f04&gt;Fuel type:&lt;/color&gt; Chemfuel</description>
		
		<graphicData>
			<texPath>Things/Vehicles/Tier1/Tier1_Van/Tier1_Van</texPath>
			<graphicClass>Vehicles.Graphic_Vehicle</graphicClass>
			<shaderType>CutoutComplexPattern</shaderType>
			<drawSize>(3,5)</drawSize>
			<color>(160, 160, 160)</color>
			<colorTwo>(126, 126, 126)</colorTwo>
			<colorThree>(196, 200, 202)</colorThree>
		</graphicData>
		
		<fillPercent>0.8</fillPercent>
		
		<buildDef>VVE_BangBus_Blueprint</buildDef>
		
		<size>(2,4)</size>
		
		<vehicleMovementPermissions>DriverNeeded</vehicleMovementPermissions>
		<vehicleCategory>Transport</vehicleCategory>
		<techLevel>Industrial</techLevel>
		<vehicleType>Land</vehicleType>
		
		<statBases>
			<ArmorRating_Blunt>0.22</ArmorRating_Blunt>
			<ArmorRating_Sharp>0.54</ArmorRating_Sharp>
			<ArmorRating_Heat>1.0</ArmorRating_Heat>
			<Flammability>0.5</Flammability>
			<MarketValue>1615</MarketValue>
		</statBases>
		
		<vehicleStats>
			<Mass>180</Mass>
			<MoveSpeed>10.4</MoveSpeed>
			<CargoCapacity>140</CargoCapacity>
			<RepairRate>0.5</RepairRate>
			<AccelerationRate>0.02</AccelerationRate>
		</vehicleStats>
		
		<soundSustainersOnEvent>
			<li>
				<key>(IgnitionOn, IgnitionOff)</key>
				<value>VVE_VehicleEngineCar</value>
			</li>
		</soundSustainersOnEvent>
		
		<race>
			<baseBodySize>3.5</baseBodySize>
		</race>
		
		<properties>
			<winterSpeedMultiplier>3.25</winterSpeedMultiplier>
			
			<customRoadCosts AssignDefaults = "0.25"/>
			
			<roles>
				<li>
					<key>driver</key>
					<label>Driver</label>
					<slots>1</slots>
					<slotsToOperate>1</slotsToOperate>
					
					<handlingTypes>
						<li>Movement</li>
					</handlingTypes>
					
					<hitbox>
						<side>Front</side>
					</hitbox>
				</li>
				<li>
					<key>passenger_shotgun</key>
					<label>Shotgun</label>
					<slots>1</slots>
					
					<hitbox>
						<side>Front</side>
					</hitbox>
				</li>
				<li>
					<key>passenger_rear</key>
					<label>Rear Passenger</label>
					<slots>4</slots>
					
					<hitbox>
						<cells>
							<li>(0, 1)</li>
							<li>(1, 1)</li>
							<li>(0, 0)</li>
							<li>(1, 0)</li>
						</cells>
					</hitbox>
				</li>
			</roles>
		</properties>
		
		<components>
			<li>
				<key>Engine</key>
				<label>Engine</label>
				<health>50</health>
				<priorityStatEfficiency>true</priorityStatEfficiency>
				<depth>External</depth>
				
				<reactors>
					<li Class = "Vehicles.Reactor_FuelLeak"/>
					<li Class = "Vehicles.Reactor_Explosive">
						<indicator>VF_Explosive</indicator>
						<chance>0.25</chance>
						<maxHealth>0.2</maxHealth>
						<radius>3</radius>
						<damageDef>Flame</damageDef>
					</li>
				</reactors>
				
				<hitbox>
					<side>Back</side>
				</hitbox>
				
				<categories>
					<li>MoveSpeed</li>
				</categories>
			</li>
			<li>
				<key>FrontLeftWheel</key>
				<label>Front Left Wheel</label>
				<health>30</health>
				<depth>External</depth>
				
				<armor>
					<ArmorRating_Blunt>0</ArmorRating_Blunt>
					<ArmorRating_Sharp>0</ArmorRating_Sharp>
				</armor>
				
				<tags>
					<li>Wheel</li>
				</tags>
				
				<hitbox>
					<fallthrough>false</fallthrough>
					<cells>
						<li>(0, 2)</li>
					</cells>
				</hitbox>
				
				<categories>
					<li>MoveSpeed</li>
				</categories>
			</li>
			<li>
				<key>FrontRightWheel</key>
				<label>Front Right Wheel</label>
				<health>30</health>
				<depth>External</depth>
				
				<armor>
					<ArmorRating_Blunt>0</ArmorRating_Blunt>
					<ArmorRating_Sharp>0</ArmorRating_Sharp>
				</armor>
				
				<tags>
					<li>Wheel</li>
				</tags>
				
				<categories>
					<li>MoveSpeed</li>
				</categories>
				
				<hitbox>
					<fallthrough>false</fallthrough>
					<cells>
						<li>(1, 2)</li>
					</cells>
				</hitbox>
			</li>
			<li>
				<key>BackLeftWheel</key>
				<label>Back Left Wheel</label>
				<health>30</health>
				<depth>External</depth>
				
				<armor>
					<ArmorRating_Blunt>0</ArmorRating_Blunt>
					<ArmorRating_Sharp>0</ArmorRating_Sharp>
				</armor>
				
				<tags>
					<li>Wheel</li>
				</tags>
				
				<hitbox>
					<fallthrough>false</fallthrough>
					<cells>
						<li>(0, -1)</li>
					</cells>
				</hitbox>
				
				<categories>
					<li>MoveSpeed</li>
				</categories>
			</li>
			<li>
				<key>BackRightWheel</key>
				<label>Back Right Wheel</label>
				<health>30</health>
				<depth>External</depth>
				
				<armor>
					<ArmorRating_Blunt>0</ArmorRating_Blunt>
					<ArmorRating_Sharp>0</ArmorRating_Sharp>
				</armor>
				
				<tags>
					<li>Wheel</li>
				</tags>
				
				<hitbox>
					<fallthrough>false</fallthrough>
					<cells>
						<li>(1, -1)</li>
					</cells>
				</hitbox>
				
				<categories>
					<li>MoveSpeed</li>
				</categories>
			</li>
			<li>
				<key>FrontLeftSuspension</key>
				<label>Front Left Suspension</label>
				<health>20</health>
				<depth>Internal</depth>
				
				<categories>
					<li>MoveSpeed</li>
				</categories>
				
				<hitbox>
					<cells>
						<li>(0, 2)</li>
					</cells>
				</hitbox>
			</li>
			<li>
				<key>FrontRightSuspension</key>
				<label>Front Right Suspension</label>
				<health>20</health>
				<depth>Internal</depth>
				
				<categories>
					<li>MoveSpeed</li>
				</categories>
				
				<hitbox>
					<cells>
						<li>(1, 2)</li>
					</cells>
				</hitbox>
			</li>
			<li>
				<key>Gearbox</key>
				<label>Gearbox</label>
				<health>45</health>
				<depth>Internal</depth>
				
				<categories>
					<li>MoveSpeed</li>
				</categories>
				
				<hitbox>
					<side>Front</side>
				</hitbox>
			</li>
			<li>
				<key>LeftSidePanel</key>
				<label>Left Side Panel</label>
				<health>90</health>
				<depth>External</depth>
				
				<armor>
					<ArmorRating_Blunt>0.28</ArmorRating_Blunt>
					<ArmorRating_Sharp>0.62</ArmorRating_Sharp>
				</armor>
				
				<hitbox>
					<side>Left</side>
				</hitbox>
			</li>
			<li>
				<key>RightSidePanel</key>
				<label>Right Side Panel</label>
				<health>90</health>
				<depth>External</depth>
				
				<armor>
					<ArmorRating_Blunt>0.28</ArmorRating_Blunt>
					<ArmorRating_Sharp>0.62</ArmorRating_Sharp>
				</armor>
				
				<hitbox>
					<side>Right</side>
				</hitbox>
			</li>
			<li>
				<key>Chemtank</key>
				<label>Chemtank</label>
				<health>40</health>
				<depth>Internal</depth>
				
				<reactors>
					<li Class = "Vehicles.Reactor_Explosive">
						<indicator>VF_Explosive</indicator>
						<chance>0.25</chance>
						<maxHealth>0.2</maxHealth>
						<radius>3</radius>
						<damageDef>Flame</damageDef>
					</li>
				</reactors>
				
				<hitbox>
					<side>Back</side>
				</hitbox>
			</li>
			<li>
				<key>FrontBumper</key>
				<label>Front Bumper</label>
				<health>30</health>
				<depth>External</depth>
				
				<hitbox>
					<side>Front</side>
				</hitbox>
			</li>
			<li>
				<key>RearBumper</key>
				<label>Rear Bumper</label>
				<health>30</health>
				<depth>External</depth>
				
				<hitbox>
					<side>Back</side>
				</hitbox>
			</li>
			<li>
				<key>Upholstery</key>
				<label>Upholstery</label>
				<health>30</health>
				<depth>Internal</depth>
			</li>
			<li>
				<key>Dashboard</key>
				<label>Dashboard</label>
				<health>45</health>
				<depth>Internal</depth>
			</li>
			<li>
				<key>SteeringWheel</key>
				<label>Steering Wheel</label>
				<health>20</health>
				<depth>Internal</depth>
			</li>
			<li>
				<key>Alternator</key>
				<label>Alternator</label>
				<health>20</health>
				<depth>Internal</depth>
			</li>
			<li>
				<key>Hood</key>
				<label>Hood</label>
				<health>40</health>
				<depth>External</depth>
			</li>
			<li>
				<key>Roof</key>
				<label>Roof</label>
				<health>45</health>
				<depth>External</depth>
			</li>
		</components>

		<modExtensions>
			<li Class="VanillaVehiclesExpanded.StatExtension">
				<statToAdd>
					<li>VVE_VehicleTier</li>
				</statToAdd>
				<statValues>
					<li>VVE_Tier1</li>
				</statValues>
				<statDescriptions>
					<li>VVE_Tier1Desc</li>
				</statDescriptions>
			</li>
		</modExtensions>
		
		<comps>
			<li Class="Vehicles.CompProperties_FueledTravel">
				<fuelType>Chemfuel</fuelType>
				<leakDef>Filth_Fuel</leakDef>
				<fuelConsumptionRate>14.5</fuelConsumptionRate>
				<fuelCapacity>80</fuelCapacity>
			</li>
		</comps>
	</Vehicles.VehicleDef>
</Defs>