<?xml version="1.0" encoding="utf-8" ?>

<Defs>
	<Vehicles.VehicleBuildDef ParentName="VehicleBaseBuildable">
		<defName>VVE_BangBus_Blueprint</defName>
		<label>Bang Bus</label>
		<description>A basic passenger transport, the Bangbus is a relatively cheap piece of machinery to construct to transport people across roads of flat terrain. Not recommended to use in the winter season or in snowy terrain, or both, as the light plates of armour that protect the passengers similarly negatively affects its acceleration.\n\nSimilar to other tier 1 vehicles, this is a gas guzzler and best used for medium distances.\n\n&lt;color=#bb8f04&gt;Crew:&lt;/color&gt; Driver x1, Passenger x5\n&lt;color=#bb8f04&gt;Fuel type:&lt;/color&gt; Chemfuel</description>
		<designationCategory>VF_Vehicles</designationCategory>
		
		<graphicData>
			<texPath>Things/Vehicles/Tier1/Tier1_Van/Tier1_Van</texPath>
			<graphicClass>Graphic_Multi</graphicClass>
			<drawSize>(3,5)</drawSize>
		</graphicData>
		
		<statBases>
			<MaxHitPoints>500</MaxHitPoints>
			<WorkToBuild>7500</WorkToBuild>
			<Flammability>0.05</Flammability>
		</statBases>
		
		<size>(2,4)</size>
		
		<researchPrerequisites>
			<li>VVE_BasicVehicles</li>
		</researchPrerequisites>
		
		<costList>
			<VVE_EngineBlock>1</VVE_EngineBlock>
			<VVE_CarAlternator>1</VVE_CarAlternator>
			<VVE_CarExhaust>4</VVE_CarExhaust>
			<VVE_CarSuspension>2</VVE_CarSuspension>
			<VVE_CarWheel>4</VVE_CarWheel>
			<Plasteel>220</Plasteel>
			<ElectronicComponents>5</ElectronicComponents>
			<ComponentIndustrial>20</ComponentIndustrial>
		</costList>
		
		<soundImpactDefault>BulletImpact_Metal</soundImpactDefault>
		
		<thingToSpawn>VVE_BangBus</thingToSpawn>
		
		<constructionSkillPrerequisite>7</constructionSkillPrerequisite>
	</Vehicles.VehicleBuildDef>
</Defs>
