<?xml version="1.0" encoding="utf-8"?>

<Defs>
	<Vehicles.VehicleTurretDef ParentName="VehicleTurretBase">
		<defName>Tango_MainTurret</defName>
		<label>tango autocannon</label>
		<description>A heavy automatic turret mounted on a Tango APC. Its large-caliber shells do heavy damage over significant ranges, but it’s inaccurate and uses up a lot of ammo.</description>
		
		<turretType>Rotatable</turretType>
		<shotSound>Shot_Autocannon</shotSound>
		
		<projectile>Bullet_AutocannonTurret</projectile>
		<reloadTimer>3.5</reloadTimer>
		<warmUpTimer>0.4</warmUpTimer>
		
		<magazineCapacity>30</magazineCapacity>
		<genericAmmo>true</genericAmmo>
		
		<hitFlags>IntendedTarget</hitFlags>
		
		<autoSnapTargeting>false</autoSnapTargeting>
		<rotationSpeed>1.95</rotationSpeed>
		
		<projectileOffset>2.1</projectileOffset>
		
		<minRange>2</minRange>
		<maxRange>32.9</maxRange>
		
		<recoil>
			<distanceTotal>0.15</distanceTotal>
			<distancePerTick>0.05</distancePerTick>
			<speedMultiplierPostRecoil>0.1</speedMultiplierPostRecoil>
		</recoil>
		
		<attachProjectileFlag>VVE_Tank</attachProjectileFlag>
		
		<fireModes>
			<li>
				<shotsPerBurst>1</shotsPerBurst>
				<ticksBetweenShots>10</ticksBetweenShots>
				<ticksBetweenBursts>20</ticksBetweenBursts>
				<label>Single</label>
				<texPath>UI/Gizmos/FireRate_Single</texPath>
			</li>
			<li>
				<shotsPerBurst>5</shotsPerBurst>
				<ticksBetweenShots>12</ticksBetweenShots>
				<ticksBetweenBursts>90</ticksBetweenBursts>
				<spreadRadius>1</spreadRadius>
				<label>Burst</label>
				<texPath>UI/Gizmos/FireRate_Burst</texPath>
			</li>
		</fireModes>

		<graphicData>
			<texPath>Things/Vehicles/Tier2/Tier2_APC/Tier2_APC_CannonTop</texPath>
			<graphicClass>Vehicles.Graphic_Turret</graphicClass>
			<shaderType>CutoutComplexPattern</shaderType>
			<drawSize>(4, 4)</drawSize>
		</graphicData>
		
		<ammunition>
			<thingDefs>
				<li>Steel</li>
			</thingDefs>
		</ammunition>
	</Vehicles.VehicleTurretDef>
</Defs>