<?xml version="1.0" encoding="utf-8" ?>

<Defs>
	<Vehicles.VehicleBuildDef ParentName="VehicleBaseBuildable">
		<defName>VVE_Tango_Blueprint</defName>
		<label>Tango</label>
		<description>A general purpose armoured personnel carrier, the Tango is a slow but hardy troop transport. Ample cargo holds, hardened armour, all-terrain capability and a turret that can fire either mobile or stationary, the main downside is fuel consumption and slightly thinner plating on the rear.\n\nDifferent to other tier 2 vehicles, this has regular fuel efficiency and is quite visible, its high fuel consumption rate putting a limit on the effective range.\n\n&lt;color=#bb8f04&gt;Crew:&lt;/color&gt; Driver x1, Gunner x1, Passenger x4\n&lt;color=#bb8f04&gt;Fuel type:&lt;/color&gt; Chemfuel</description>
		<designationCategory>VF_Vehicles</designationCategory>
		
		<graphicData>
			<texPath>Things/Vehicles/Tier2/Tier2_APC/Tier2_APC</texPath>
			<graphicClass>Graphic_Multi</graphicClass>
			<drawSize>(4, 6)</drawSize>
		</graphicData>
		
		<statBases>
			<MaxHitPoints>500</MaxHitPoints>
			<WorkToBuild>11500</WorkToBuild>
			<Flammability>0.05</Flammability>
		</statBases>
		
		<size>(3, 5)</size>
		
		<researchPrerequisites>
			<li>VVE_CombatVehicles</li>
		</researchPrerequisites>
		
		<costList>
			<VVE_EngineBlock>1</VVE_EngineBlock>
			<VVE_CarAlternator>2</VVE_CarAlternator>
			<VVE_CarExhaust>4</VVE_CarExhaust>
			<VVE_CarSuspension>12</VVE_CarSuspension>
			<VVE_CarWheel>14</VVE_CarWheel>
			<VVE_CarTransmission>1</VVE_CarTransmission>
			<VVE_CarRadiator>2</VVE_CarRadiator>
			<VVE_CarFuelTank>2</VVE_CarFuelTank>
			<Plasteel>380</Plasteel>
			<ComponentIndustrial>40</ComponentIndustrial>
			<ElectronicComponents>5</ElectronicComponents>
		</costList>
		
		<soundImpactDefault>BulletImpact_Metal</soundImpactDefault>
		
		<thingToSpawn>VVE_Tango</thingToSpawn>
		
		<constructionSkillPrerequisite>6</constructionSkillPrerequisite>
	</Vehicles.VehicleBuildDef>
</Defs>
