<?xml version="1.0" encoding="utf-8" ?>

<Defs>	
	<Vehicles.VehicleDef ParentName="VehiclePawn_Mechanical">
		<defName>VVE_Wagon</defName>
		<label>Wagon</label>
		<description>A general all-rounder vehicle, the Wagon performs well in all categories with a good cargo and passenger capacity. Best suited on flat roads and will struggle somewhat on hills, snow or winter tiles.\n\nSimilar to other tier 2 vehicles, this has double fuel efficiency on the world map which makes them more efficient than tier 1 vehicles. They are also less visible due to improved manufacturing.\n\n&lt;color=#bb8f04&gt;Crew:&lt;/color&gt; Driver x1, Passenger x3\n&lt;color=#bb8f04&gt;Fuel type:&lt;/color&gt; Chemfuel</description>
		
		<graphicData>
			<texPath>Things/Vehicles/Tier2/Tier2_FamilyCar/Tier2_FamilyCar</texPath>
			<graphicClass>Vehicles.Graphic_Vehicle</graphicClass>
			<shaderType>CutoutComplexPattern</shaderType>
			<drawSize>(3,5)</drawSize>
			<color>(75, 85, 95)</color>
			<colorTwo>(138, 85, 27)</colorTwo>
			<colorThree>(105, 110, 120)</colorThree>
		</graphicData>
		
		<fillPercent>0.8</fillPercent>
		
		<buildDef>VVE_Traveller_Blueprint</buildDef>
		
		<size>(2,4)</size>
		
		<vehicleMovementPermissions>DriverNeeded</vehicleMovementPermissions>
		<vehicleCategory>Transport</vehicleCategory>
		<techLevel>Industrial</techLevel>
		<vehicleType>Land</vehicleType>
		
		<statBases>
			<ArmorRating_Blunt>0.28</ArmorRating_Blunt>
			<ArmorRating_Sharp>0.50</ArmorRating_Sharp>
			<ArmorRating_Heat>1.0</ArmorRating_Heat>
			<Flammability>0.5</Flammability>
			<MarketValue>2400</MarketValue>
		</statBases>
		
		<vehicleStats>
			<Mass>210</Mass>
			<MoveSpeed>12.4</MoveSpeed>
			<CargoCapacity>320</CargoCapacity>
			<RepairRate>0.8</RepairRate>
			<AccelerationRate>0.1</AccelerationRate>
		</vehicleStats>
		
		<soundSustainersOnEvent>
			<li>
				<key>(IgnitionOn, IgnitionOff)</key>
				<value>VVE_VehicleEngineCar</value>
			</li>
		</soundSustainersOnEvent>
		
		<race>
			<baseBodySize>3.5</baseBodySize>
		</race>
		
		<properties>
			<winterSpeedMultiplier>3.25</winterSpeedMultiplier>
			
			<customRoadCosts AssignDefaults = "0.25"/>
			
			<roles>
				<li>
					<key>driver</key>
					<label>Driver</label>
					<slots>1</slots>
					<slotsToOperate>1</slotsToOperate>
					
					<handlingTypes>
						<li>Movement</li>
					</handlingTypes>
					
					<hitbox>
						<cells>
							<li>(0, 1)</li>
						</cells>
					</hitbox>
				</li>
				<li>
					<key>passenger</key>
					<label>Passenger</label>
					<slots>3</slots>
					
					<hitbox>
						<cells>
							<li>(1, 1)</li>
							<li>(0, 0)</li>
							<li>(1, 0)</li>
						</cells>
					</hitbox>
				</li>
			</roles>
		</properties>
		
		<components>
			<li>
				<key>Engine</key>
				<label>Engine</label>
				<health>50</health>
				<priorityStatEfficiency>true</priorityStatEfficiency>
				<depth>Internal</depth>
				
				<reactors>
					<li Class = "Vehicles.Reactor_Explosive">
						<indicator>VF_Explosive</indicator>
						<chance>0.25</chance>
						<maxHealth>0.2</maxHealth>
						<radius>3</radius>
						<damageDef>Flame</damageDef>
					</li>
				</reactors>
				
				<hitbox>
					<cells>
						<li>(0, 2)</li>
						<li>(1, 2)</li>
					</cells>
				</hitbox>
				
				<categories>
					<li>MoveSpeed</li>
				</categories>
			</li>
			<li>
				<key>FrontLeftWheel</key>
				<label>Front Left Wheel</label>
				<health>40</health>
				<depth>External</depth>
				
				<armor>
					<ArmorRating_Blunt>0</ArmorRating_Blunt>
					<ArmorRating_Sharp>0</ArmorRating_Sharp>
				</armor>
				
				<tags>
					<li>Wheel</li>
				</tags>
				
				<hitbox>
					<fallthrough>false</fallthrough>
					<cells>
						<li>(0, 2)</li>
					</cells>
				</hitbox>
				
				<categories>
					<li>MoveSpeed</li>
				</categories>
			</li>
			<li>
				<key>FrontRightWheel</key>
				<label>Front Right Wheel</label>
				<health>40</health>
				<depth>External</depth>
				
				<armor>
					<ArmorRating_Blunt>0</ArmorRating_Blunt>
					<ArmorRating_Sharp>0</ArmorRating_Sharp>
				</armor>
				
				<tags>
					<li>Wheel</li>
				</tags>
				
				<hitbox>
					<fallthrough>false</fallthrough>
					<cells>
						<li>(1, 2)</li>
					</cells>
				</hitbox>
				
				<categories>
					<li>MoveSpeed</li>
				</categories>
			</li>
			<li>
				<key>BackLeftWheel</key>
				<label>Back Left Wheel</label>
				<health>40</health>
				<depth>External</depth>
				
				<armor>
					<ArmorRating_Blunt>0</ArmorRating_Blunt>
					<ArmorRating_Sharp>0</ArmorRating_Sharp>
				</armor>
				
				<tags>
					<li>Wheel</li>
				</tags>
				
				<hitbox>
					<fallthrough>false</fallthrough>
					<cells>
						<li>(0, -1)</li>
					</cells>
				</hitbox>
				
				<categories>
					<li>MoveSpeed</li>
				</categories>
			</li>
			<li>
				<key>BackRightWheel</key>
				<label>Back Right Wheel</label>
				<health>40</health>
				<depth>External</depth>
				
				<armor>
					<ArmorRating_Blunt>0</ArmorRating_Blunt>
					<ArmorRating_Sharp>0</ArmorRating_Sharp>
				</armor>
				
				<tags>
					<li>Wheel</li>
				</tags>
				
				<hitbox>
					<fallthrough>false</fallthrough>
					<cells>
						<li>(1, -1)</li>
					</cells>
				</hitbox>
				
				<categories>
					<li>MoveSpeed</li>
				</categories>
			</li>
			<li>
				<key>FrontLeftSuspension</key>
				<label>Front Left Suspension</label>
				<health>25</health>
				<depth>Internal</depth>
				
				<hitbox>
					<cells>
						<li>(0, 2)</li>
					</cells>
				</hitbox>
				
				<categories>
					<li>MoveSpeed</li>
				</categories>
			</li>
			<li>
				<key>FrontRightSuspension</key>
				<label>Front Right Suspension</label>
				<health>25</health>
				<depth>Internal</depth>
				
				<hitbox>
					<cells>
						<li>(1, 2)</li>
					</cells>
				</hitbox>
				
				<categories>
					<li>MoveSpeed</li>
				</categories>
			</li>
			<li>
				<key>BackLeftSuspension</key>
				<label>Back Left Suspension</label>
				<health>25</health>
				<depth>Internal</depth>
				
				<hitbox>
					<cells>
						<li>(0, -1)</li>
					</cells>
				</hitbox>
				
				<categories>
					<li>MoveSpeed</li>
				</categories>
			</li>
			<li>
				<key>BackRightSuspension</key>
				<label>Back Right Suspension</label>
				<health>25</health>
				<depth>Internal</depth>
				
				<hitbox>
					<cells>
						<li>(1, -1)</li>
					</cells>
				</hitbox>
				
				<categories>
					<li>MoveSpeed</li>
				</categories>
			</li>
			<li>
				<key>Gearbox</key>
				<label>Gearbox</label>
				<health>45</health>
				<depth>Internal</depth>
				
				<hitbox>
					<cells>
						<li>(0, 1)</li>
						<li>(1, 1)</li>
					</cells>
				</hitbox>
				
				<categories>
					<li>MoveSpeed</li>
				</categories>
			</li>
			<li>
				<key>LeftSidePanel</key>
				<label>Left Side Panel</label>
				<health>50</health>
				<depth>External</depth>
				
				<hitbox>
					<side>Left</side>
				</hitbox>
			</li>
			<li>
				<key>RightSidePanel</key>
				<label>Right Side Panel</label>
				<health>50</health>
				<depth>External</depth>
				
				<hitbox>
					<side>Right</side>
				</hitbox>
			</li>
			<li>
				<key>Chemtank</key>
				<label>Chemtank</label>
				<health>40</health>
				<depth>Internal</depth>
				
				<reactors>
					<li Class = "Vehicles.Reactor_FuelLeak"/>
					<li Class = "Vehicles.Reactor_Explosive">
						<indicator>VF_Explosive</indicator>
						<chance>0.25</chance>
						<maxHealth>0.2</maxHealth>
						<radius>3</radius>
						<damageDef>Flame</damageDef>
					</li>
				</reactors>
				
				<hitbox>
					<cells>
						<li>(0, -1)</li>
						<li>(1, -1)</li>
					</cells>
				</hitbox>
			</li>
			<li>
				<key>FrontBumper</key>
				<label>Front Bumper</label>
				<health>30</health>
				<depth>External</depth>
				
				<hitbox>
					<side>Front</side>
				</hitbox>
			</li>
			<li>
				<key>RearBumper</key>
				<label>Rear Bumper</label>
				<health>30</health>
				<depth>External</depth>
				
				<hitbox>
					<side>Back</side>
				</hitbox>
			</li>
			<li>
				<key>Upholstery</key>
				<label>Upholstery</label>
				<health>30</health>
				<depth>Internal</depth>
				<hitWeight>5</hitWeight>
			</li>
			<li>
				<key>Dashboard</key>
				<label>Dashboard</label>
				<health>45</health>
				<depth>Internal</depth>
				<hitWeight>2</hitWeight>
			</li>
			<li>
				<key>SteeringWheel</key>
				<label>Steering Wheel</label>
				<health>20</health>
				<depth>Internal</depth>
			</li>
			<li>
				<key>Alternator</key>
				<label>Alternator</label>
				<health>30</health>
				<depth>Internal</depth>
			</li>
			<li>
				<key>Hood</key>
				<label>Hood</label>
				<health>50</health>
				<depth>External</depth>
				<hitWeight>5</hitWeight>
			</li>
			<li>
				<key>Roof</key>
				<label>Roof</label>
				<health>50</health>
				<depth>External</depth>
				<hitWeight>5</hitWeight>
			</li>
		</components>

		<modExtensions>
			<li Class="VanillaVehiclesExpanded.StatExtension">
				<statToAdd>
					<li>VVE_VehicleTier</li>
				</statToAdd>
				<statValues>
					<li>VVE_Tier2</li>
				</statValues>
				<statDescriptions>
					<li>VVE_Tier2Desc</li>
				</statDescriptions>
			</li>
		</modExtensions>
		
		<comps>
			<li Class="Vehicles.CompProperties_FueledTravel">
				<fuelType>Chemfuel</fuelType>
				<leakDef>Filth_Fuel</leakDef>
				<fuelConsumptionRate>18.5</fuelConsumptionRate>
				<fuelCapacity>80</fuelCapacity>
				<fuelConsumptionWorldMultiplier>0.5</fuelConsumptionWorldMultiplier>
			</li>
		</comps>
	</Vehicles.VehicleDef>
</Defs>