<?xml version="1.0" encoding="utf-8" ?>

<Defs>
	<Vehicles.VehicleBuildDef ParentName="VehicleBaseBuildable">
		<defName>VVE_Wagon_Blueprint</defName>
		<label>Wagon</label>
		<description>A general all-rounder vehicle, the Wagon performs well in all categories with a good cargo and passenger capacity. Best suited on flat roads and will struggle somewhat on hills, snow or winter tiles.\n\nSimilar to other tier 2 vehicles, this has double fuel efficiency on the world map which makes them more efficient than tier 1 vehicles. They are also less visible due to improved manufacturing.\n\n&lt;color=#bb8f04&gt;Crew:&lt;/color&gt; Driver x1, Passenger x3\n&lt;color=#bb8f04&gt;Fuel type:&lt;/color&gt; Chemfuel</description>
		<designationCategory>VF_Vehicles</designationCategory>
		<graphicData>
			<texPath>Things/Vehicles/Tier2/Tier2_FamilyCar/Tier2_FamilyCar</texPath>
			<graphicClass>Graphic_Multi</graphicClass>
			<drawSize>(3,5)</drawSize>
		</graphicData>
		
		<statBases>
			<MaxHitPoints>500</MaxHitPoints>
			<WorkToBuild>8000</WorkToBuild>
			<Flammability>0.05</Flammability>
		</statBases>
		
		<size>(2,4)</size>
		
		<researchPrerequisites>
			<li>VVE_ComplexVehicles</li>
		</researchPrerequisites>
		
		<costList>
			<VVE_EngineBlock>1</VVE_EngineBlock>
			<VVE_CarAlternator>2</VVE_CarAlternator>
			<VVE_CarExhaust>2</VVE_CarExhaust>
			<VVE_CarSuspension>4</VVE_CarSuspension>
			<VVE_CarWheel>4</VVE_CarWheel>
			<VVE_CarBattery>1</VVE_CarBattery>
			<VVE_CarFuelTank>1</VVE_CarFuelTank>
			<Plasteel>260</Plasteel>
			<ComponentIndustrial>40</ComponentIndustrial>
			<ElectronicComponents>8</ElectronicComponents>
		</costList>
		
		<soundImpactDefault>BulletImpact_Metal</soundImpactDefault>
		
		<thingToSpawn>VVE_Wagon</thingToSpawn>
		
		<constructionSkillPrerequisite>6</constructionSkillPrerequisite>
	</Vehicles.VehicleBuildDef>
</Defs>
